mandate,district,uik
1,Силино,3258
1,Силино,3259
1,Силино,3260
1,Силино,3261
1,Силино,3262
1,Силино,3263
1,Силино,3264
1,Силино,3265
1,Силино,3266
1,Силино,3267
1,Силино,3268
1,Силино,3269
1,Силино,3270
1,Силино,3271
1,Силино,3272
1,Силино,3273
1,Силино,3274
1,Силино,3275
1,Силино,3276
1,Силино,3277
1,Силино,3278
1,Силино,3279
1,Силино,3280
1,Силино,3281
1,Силино,3282
1,Силино,3792
1,Крюково,3172
1,Крюково,3173
1,Крюково,3174
1,Крюково,3175
1,Крюково,3176
1,Крюково,3177
1,Крюково,3178
1,Крюково,3179
1,Крюково,3180
1,Крюково,3181
1,Крюково,3182
1,Крюково,3183
1,Крюково,3184
1,Крюково,3185
1,Крюково,3186
1,Крюково,3187
1,Крюково,3188
1,Крюково,3189
1,Крюково,3190
1,Крюково,3191
1,Крюково,3192
1,Крюково,3193
1,Крюково,3194
1,Крюково,3195
1,Крюково,3196
1,Крюково,3197
1,Крюково,3198
1,Крюково,3199
1,Крюково,3200
1,Крюково,3201
1,Крюково,3202
1,Крюково,3203
1,Крюково,3204
1,Крюково,3205
1,Крюково,3206
1,Крюково,3207
1,Крюково,3208
1,Крюково,3209
1,Крюково,3210
1,Крюково,3211
1,Крюково,3212
1,Крюково,3213
1,Крюково,5001
1,Старое Крюково,3283
1,Старое Крюково,3284
1,Старое Крюково,3285
1,Старое Крюково,3286
1,Старое Крюково,3287
1,Старое Крюково,3288
1,Старое Крюково,3289
1,Старое Крюково,3290
1,Старое Крюково,3291
1,Старое Крюково,3292
1,Старое Крюково,3293
1,Старое Крюково,3294
1,Старое Крюково,3295
1,Старое Крюково,3296
1,Старое Крюково,3297
1,Старое Крюково,3298
1,Матушкино,3214
1,Матушкино,3215
1,Матушкино,3216
1,Матушкино,3217
1,Матушкино,3218
1,Матушкино,3219
1,Матушкино,3220
1,Матушкино,3221
1,Матушкино,3222
1,Матушкино,3223
1,Матушкино,3224
1,Матушкино,3225
1,Матушкино,3226
1,Матушкино,3227
1,Матушкино,3228
1,Матушкино,3229
1,Матушкино,3230
1,Матушкино,3231
1,Матушкино,3232
1,Матушкино,3233
1,Матушкино,3234
1,Матушкино,3235
1,Матушкино,3236
1,Матушкино,3237
1,Савелки,3238
1,Савелки,3239
1,Савелки,3240
1,Савелки,3241
1,Савелки,3242
1,Савелки,3243
1,Савелки,3244
1,Савелки,3245
1,Савелки,3246
1,Савелки,3247
1,Савелки,3248
1,Савелки,3249
1,Савелки,3250
1,Савелки,3251
1,Савелки,3252
1,Савелки,3253
1,Савелки,3254
1,Савелки,3255
1,Савелки,3256
1,Савелки,3257
1,Савелки,3791
2,Молжаниновский,389
2,Молжаниновский,3416
2,Молжаниновский,3438
2,Молжаниновский,3451
2,Куркино,2905
2,Куркино,2906
2,Куркино,2907
2,Куркино,2908
2,Куркино,2909
2,Куркино,2910
2,Куркино,2911
2,Куркино,2912
2,Куркино,2913
2,Куркино,3768
2,Северное Тушино,2980
2,Северное Тушино,2981
2,Северное Тушино,2982
2,Северное Тушино,2983
2,Северное Тушино,2984
2,Северное Тушино,2985
2,Северное Тушино,2986
2,Северное Тушино,2987
2,Северное Тушино,2988
2,Северное Тушино,2989
2,Северное Тушино,2990
2,Северное Тушино,2991
2,Северное Тушино,2992
2,Северное Тушино,2993
2,Северное Тушино,2994
2,Северное Тушино,2995
2,Северное Тушино,2996
2,Северное Тушино,2997
2,Северное Тушино,2998
2,Северное Тушино,2999
2,Северное Тушино,3000
2,Северное Тушино,3001
2,Северное Тушино,3002
2,Северное Тушино,3003
2,Северное Тушино,3004
2,Северное Тушино,3005
2,Северное Тушино,3006
2,Северное Тушино,3007
2,Северное Тушино,3008
2,Северное Тушино,3009
2,Северное Тушино,3010
2,Северное Тушино,3011
2,Северное Тушино,3012
2,Северное Тушино,3013
2,Северное Тушино,3014
2,Северное Тушино,3015
2,Северное Тушино,3016
2,Северное Тушино,3017
2,Северное Тушино,3018
2,Северное Тушино,3019
2,Северное Тушино,3776
2,Южное Тушино,3140
2,Южное Тушино,3141
2,Южное Тушино,3142
2,Южное Тушино,3143
2,Южное Тушино,3144
2,Южное Тушино,3145
2,Южное Тушино,3146
2,Южное Тушино,3147
2,Южное Тушино,3148
2,Южное Тушино,3149
2,Южное Тушино,3150
2,Южное Тушино,3151
2,Южное Тушино,3152
2,Южное Тушино,3153
2,Южное Тушино,3154
2,Южное Тушино,3155
2,Южное Тушино,3156
2,Южное Тушино,3157
2,Южное Тушино,3158
2,Южное Тушино,3159
2,Южное Тушино,3160
2,Южное Тушино,3161
2,Южное Тушино,3162
2,Южное Тушино,3163
2,Южное Тушино,3164
2,Южное Тушино,3165
2,Южное Тушино,3166
2,Южное Тушино,3167
2,Южное Тушино,3168
2,Южное Тушино,3169
2,Южное Тушино,3170
2,Южное Тушино,3171
2,Южное Тушино,3790
3,Митино,2914
3,Митино,2915
3,Митино,2916
3,Митино,2917
3,Митино,2918
3,Митино,2919
3,Митино,2920
3,Митино,2921
3,Митино,2922
3,Митино,2923
3,Митино,2924
3,Митино,2925
3,Митино,2926
3,Митино,2927
3,Митино,2928
3,Митино,2929
3,Митино,2930
3,Митино,2931
3,Митино,2932
3,Митино,2933
3,Митино,2934
3,Митино,2935
3,Митино,2936
3,Митино,2937
3,Митино,2938
3,Митино,2939
3,Митино,2940
3,Митино,2941
3,Митино,2942
3,Митино,2943
3,Митино,2944
3,Митино,2945
3,Митино,2946
3,Митино,2947
3,Митино,2948
3,Митино,2949
3,Митино,2950
3,Митино,2951
3,Митино,2952
3,Митино,2953
3,Митино,2954
3,Митино,2955
3,Митино,2956
3,Митино,2957
3,Митино,2958
3,Митино,2959
3,Митино,2960
3,Митино,2961
3,Митино,2962
3,Митино,2963
3,Митино,3456
3,Покровское-Стрешнево,2964
3,Покровское-Стрешнево,2965
3,Покровское-Стрешнево,2966
3,Покровское-Стрешнево,2967
3,Покровское-Стрешнево,2968
3,Покровское-Стрешнево,2969
3,Покровское-Стрешнево,2970
3,Покровское-Стрешнево,2971
3,Покровское-Стрешнево,2972
3,Покровское-Стрешнево,2973
3,Покровское-Стрешнево,2974
3,Покровское-Стрешнево,2975
3,Покровское-Стрешнево,2976
3,Покровское-Стрешнево,2977
3,Покровское-Стрешнево,2978
3,Покровское-Стрешнево,2979
3,Покровское-Стрешнево,3769
3,Покровское-Стрешнево,3770
3,Покровское-Стрешнево,3771
3,Покровское-Стрешнево,3772
3,Покровское-Стрешнево,3774
3,Покровское-Стрешнево,3775
3,Щукино,3125
3,Щукино,3126
3,Щукино,3127
3,Щукино,3128
3,Щукино,3129
3,Щукино,3130
3,Щукино,3131
3,Щукино,3132
3,Щукино,3133
3,Щукино,3134
3,Щукино,3135
3,Щукино,3137
3,Щукино,3138
3,Щукино,3139
3,Щукино,3782
3,Щукино,3783
3,Щукино,3784
3,Щукино,3785
3,Щукино,3787
4,Крылатское,2569
4,Крылатское,2570
4,Крылатское,2571
4,Крылатское,2572
4,Крылатское,2573
4,Крылатское,2574
4,Крылатское,2575
4,Крылатское,2576
4,Крылатское,2577
4,Крылатское,2578
4,Крылатское,2579
4,Крылатское,2580
4,Крылатское,2581
4,Крылатское,2582
4,Крылатское,2583
4,Крылатское,2584
4,Крылатское,2585
4,Крылатское,2586
4,Крылатское,2587
4,Крылатское,2588
4,Крылатское,2589
4,Крылатское,2590
4,Кунцево,2596
4,Кунцево,2597
4,Кунцево,2598
4,Кунцево,2616
4,Кунцево,2617
4,Кунцево,2618
4,Кунцево,2619
4,Кунцево,2620
4,Кунцево,2621
4,Кунцево,2622
4,Кунцево,2623
4,Кунцево,2624
4,Кунцево,2625
4,Кунцево,2629
4,Кунцево,3753
4,Строгино,3020
4,Строгино,3021
4,Строгино,3022
4,Строгино,3023
4,Строгино,3024
4,Строгино,3025
4,Строгино,3026
4,Строгино,3027
4,Строгино,3028
4,Строгино,3029
4,Строгино,3030
4,Строгино,3031
4,Строгино,3032
4,Строгино,3033
4,Строгино,3034
4,Строгино,3035
4,Строгино,3036
4,Строгино,3037
4,Строгино,3038
4,Строгино,3039
4,Строгино,3040
4,Строгино,3041
4,Строгино,3042
4,Строгино,3043
4,Строгино,3044
4,Строгино,3045
4,Строгино,3046
4,Строгино,3047
4,Строгино,3048
4,Строгино,3049
4,Строгино,3050
4,Строгино,3051
4,Строгино,3052
4,Строгино,3053
4,Строгино,3054
4,Строгино,3055
4,Строгино,3056
4,Строгино,3057
4,Строгино,3058
4,Строгино,3059
4,Строгино,3060
4,Строгино,3061
4,Строгино,3062
4,Строгино,3063
4,Строгино,3064
5,Филевский парк,2852
5,Филевский парк,2853
5,Филевский парк,2854
5,Филевский парк,2855
5,Филевский парк,2856
5,Филевский парк,2857
5,Филевский парк,2858
5,Филевский парк,2859
5,Филевский парк,2860
5,Филевский парк,2861
5,Филевский парк,2862
5,Филевский парк,2863
5,Филевский парк,2864
5,Филевский парк,2865
5,Филевский парк,2866
5,Филевский парк,2867
5,Филевский парк,2868
5,Филевский парк,2869
5,Филевский парк,2870
5,Филевский парк,2871
5,Филевский парк,2872
5,Филевский парк,2873
5,Филевский парк,2874
5,Филевский парк,2875
5,Филевский парк,3766
5,Хорошево-Мневники,3065
5,Хорошево-Мневники,3066
5,Хорошево-Мневники,3067
5,Хорошево-Мневники,3068
5,Хорошево-Мневники,3069
5,Хорошево-Мневники,3070
5,Хорошево-Мневники,3071
5,Хорошево-Мневники,3072
5,Хорошево-Мневники,3073
5,Хорошево-Мневники,3074
5,Хорошево-Мневники,3075
5,Хорошево-Мневники,3076
5,Хорошево-Мневники,3077
5,Хорошево-Мневники,3078
5,Хорошево-Мневники,3079
5,Хорошево-Мневники,3080
5,Хорошево-Мневники,3081
5,Хорошево-Мневники,3082
5,Хорошево-Мневники,3083
5,Хорошево-Мневники,3084
5,Хорошево-Мневники,3085
5,Хорошево-Мневники,3086
5,Хорошево-Мневники,3087
5,Хорошево-Мневники,3088
5,Хорошево-Мневники,3089
5,Хорошево-Мневники,3090
5,Хорошево-Мневники,3091
5,Хорошево-Мневники,3092
5,Хорошево-Мневники,3093
5,Хорошево-Мневники,3094
5,Хорошево-Мневники,3095
5,Хорошево-Мневники,3096
5,Хорошево-Мневники,3097
5,Хорошево-Мневники,3098
5,Хорошево-Мневники,3099
5,Хорошево-Мневники,3100
5,Хорошево-Мневники,3101
5,Хорошево-Мневники,3102
5,Хорошево-Мневники,3103
5,Хорошево-Мневники,3104
5,Хорошево-Мневники,3105
5,Хорошево-Мневники,3106
5,Хорошево-Мневники,3107
5,Хорошево-Мневники,3108
5,Хорошево-Мневники,3109
5,Хорошево-Мневники,3110
5,Хорошево-Мневники,3424
5,Хорошево-Мневники,3777
5,Хорошево-Мневники,3778
5,Хорошево-Мневники,3779
5,Щукино,3111
5,Щукино,3112
5,Щукино,3113
5,Щукино,3114
5,Щукино,3115
5,Щукино,3116
5,Щукино,3117
5,Щукино,3118
5,Щукино,3119
5,Щукино,3120
5,Щукино,3121
5,Щукино,3122
5,Щукино,3123
5,Щукино,3124
5,Щукино,3136
5,Щукино,3780
5,Щукино,3781
5,Щукино,3786
5,Щукино,3788
5,Щукино,3798
6,Головинский,281
6,Головинский,282
6,Головинский,283
6,Головинский,284
6,Головинский,285
6,Головинский,286
6,Головинский,287
6,Головинский,288
6,Головинский,289
6,Головинский,290
6,Головинский,291
6,Головинский,292
6,Головинский,293
6,Головинский,294
6,Головинский,295
6,Головинский,296
6,Головинский,297
6,Головинский,298
6,Головинский,299
6,Головинский,300
6,Головинский,301
6,Головинский,302
6,Головинский,303
6,Головинский,304
6,Головинский,305
6,Головинский,306
6,Западное Дегунино,342
6,Западное Дегунино,343
6,Западное Дегунино,344
6,Западное Дегунино,345
6,Западное Дегунино,346
6,Западное Дегунино,347
6,Западное Дегунино,348
6,Западное Дегунино,349
6,Западное Дегунино,350
6,Западное Дегунино,3450
6,Левобережный,375
6,Левобережный,376
6,Левобережный,377
6,Левобережный,378
6,Левобережный,379
6,Левобережный,380
6,Левобережный,381
6,Левобережный,382
6,Левобережный,383
6,Левобережный,384
6,Левобережный,385
6,Левобережный,386
6,Левобережный,387
6,Левобережный,388
6,Левобережный,3647
6,Ховрино,440
6,Ховрино,441
6,Ховрино,442
6,Ховрино,443
6,Ховрино,444
6,Ховрино,445
6,Ховрино,446
6,Ховрино,447
6,Ховрино,448
6,Ховрино,449
6,Ховрино,450
6,Ховрино,451
6,Ховрино,452
6,Ховрино,453
6,Ховрино,454
6,Ховрино,455
6,Ховрино,456
6,Ховрино,457
6,Ховрино,458
6,Ховрино,459
6,Ховрино,460
6,Ховрино,3439
6,Ховрино,3452
7,Бескудниковский,219
7,Бескудниковский,220
7,Бескудниковский,221
7,Бескудниковский,222
7,Бескудниковский,223
7,Бескудниковский,224
7,Бескудниковский,225
7,Бескудниковский,226
7,Бескудниковский,227
7,Бескудниковский,228
7,Бескудниковский,229
7,Бескудниковский,3449
7,Бескудниковский,3639
7,Восточное Дегунино,257
7,Восточное Дегунино,258
7,Восточное Дегунино,259
7,Восточное Дегунино,260
7,Восточное Дегунино,261
7,Восточное Дегунино,262
7,Восточное Дегунино,263
7,Восточное Дегунино,264
7,Восточное Дегунино,265
7,Восточное Дегунино,266
7,Восточное Дегунино,267
7,Восточное Дегунино,268
7,Восточное Дегунино,269
7,Восточное Дегунино,270
7,Восточное Дегунино,271
7,Восточное Дегунино,272
7,Восточное Дегунино,273
7,Восточное Дегунино,274
7,Восточное Дегунино,275
7,Восточное Дегунино,276
7,Восточное Дегунино,277
7,Восточное Дегунино,278
7,Восточное Дегунино,279
7,Восточное Дегунино,280
7,Дмитровский,307
7,Дмитровский,308
7,Дмитровский,309
7,Дмитровский,310
7,Дмитровский,311
7,Дмитровский,312
7,Дмитровский,313
7,Дмитровский,314
7,Дмитровский,315
7,Дмитровский,316
7,Дмитровский,317
7,Дмитровский,318
7,Дмитровский,319
7,Дмитровский,320
7,Дмитровский,321
7,Дмитровский,322
7,Дмитровский,323
7,Дмитровский,324
7,Дмитровский,325
7,Дмитровский,326
7,Дмитровский,327
7,Дмитровский,328
7,Дмитровский,3642
7,Западное Дегунино,329
7,Западное Дегунино,330
7,Западное Дегунино,331
7,Западное Дегунино,332
7,Западное Дегунино,333
7,Западное Дегунино,334
7,Западное Дегунино,335
7,Западное Дегунино,336
7,Западное Дегунино,337
7,Западное Дегунино,338
7,Западное Дегунино,339
7,Западное Дегунино,340
7,Западное Дегунино,341
7,Западное Дегунино,3643
8,Аэропорт,188
8,Аэропорт,189
8,Аэропорт,190
8,Аэропорт,191
8,Аэропорт,192
8,Аэропорт,193
8,Аэропорт,194
8,Аэропорт,195
8,Аэропорт,196
8,Аэропорт,197
8,Аэропорт,198
8,Аэропорт,199
8,Аэропорт,200
8,Аэропорт,201
8,Аэропорт,202
8,Аэропорт,203
8,Аэропорт,204
8,Аэропорт,205
8,Аэропорт,206
8,Аэропорт,3634
8,Аэропорт,3635
8,Войковский,239
8,Войковский,240
8,Войковский,241
8,Войковский,242
8,Войковский,243
8,Войковский,244
8,Войковский,245
8,Войковский,246
8,Войковский,247
8,Войковский,248
8,Войковский,249
8,Войковский,250
8,Войковский,251
8,Войковский,252
8,Войковский,253
8,Войковский,254
8,Войковский,255
8,Войковский,256
8,Войковский,3437
8,Войковский,3641
8,Коптево,351
8,Коптево,352
8,Коптево,353
8,Коптево,354
8,Коптево,355
8,Коптево,356
8,Коптево,357
8,Коптево,358
8,Коптево,359
8,Коптево,360
8,Коптево,361
8,Коптево,362
8,Коптево,363
8,Коптево,364
8,Коптево,365
8,Коптево,366
8,Коптево,367
8,Коптево,368
8,Коптево,369
8,Коптево,370
8,Коптево,371
8,Коптево,372
8,Коптево,373
8,Коптево,374
8,Коптево,3644
8,Коптево,3645
8,Коптево,3646
8,Сокол,405
8,Сокол,406
8,Сокол,407
8,Сокол,408
8,Сокол,409
8,Сокол,410
8,Сокол,411
8,Сокол,412
8,Сокол,413
8,Сокол,414
8,Сокол,415
8,Сокол,416
8,Сокол,417
8,Сокол,418
8,Сокол,3651
9,Беговой,207
9,Беговой,208
9,Беговой,209
9,Беговой,210
9,Беговой,211
9,Беговой,212
9,Беговой,213
9,Беговой,214
9,Беговой,215
9,Беговой,216
9,Беговой,217
9,Беговой,3636
9,Беговой,3637
9,Бескудниковский,218
9,Бескудниковский,230
9,Бескудниковский,231
9,Бескудниковский,232
9,Бескудниковский,233
9,Бескудниковский,234
9,Бескудниковский,235
9,Бескудниковский,236
9,Бескудниковский,237
9,Бескудниковский,238
9,Бескудниковский,3640
9,Савеловский,390
9,Савеловский,391
9,Савеловский,392
9,Савеловский,393
9,Савеловский,394
9,Савеловский,395
9,Савеловский,396
9,Савеловский,397
9,Савеловский,398
9,Савеловский,399
9,Савеловский,400
9,Савеловский,401
9,Савеловский,402
9,Савеловский,403
9,Савеловский,404
9,Савеловский,3649
9,Савеловский,3650
9,Тимирязевский,419
9,Тимирязевский,420
9,Тимирязевский,421
9,Тимирязевский,422
9,Тимирязевский,423
9,Тимирязевский,424
9,Тимирязевский,425
9,Тимирязевский,426
9,Тимирязевский,427
9,Тимирязевский,428
9,Тимирязевский,429
9,Тимирязевский,430
9,Тимирязевский,431
9,Тимирязевский,432
9,Тимирязевский,433
9,Тимирязевский,434
9,Тимирязевский,435
9,Тимирязевский,436
9,Тимирязевский,437
9,Тимирязевский,438
9,Тимирязевский,439
9,Тимирязевский,3653
9,Хорошевский,461
9,Хорошевский,462
9,Хорошевский,463
9,Хорошевский,464
9,Хорошевский,465
9,Хорошевский,466
9,Хорошевский,467
9,Хорошевский,468
9,Хорошевский,469
9,Хорошевский,470
9,Хорошевский,471
9,Хорошевский,472
9,Хорошевский,473
9,Хорошевский,474
9,Хорошевский,475
9,Хорошевский,476
9,Хорошевский,477
9,Хорошевский,478
9,Хорошевский,479
9,Хорошевский,3417
10,Бибирево,539
10,Бибирево,540
10,Бибирево,541
10,Бибирево,542
10,Бибирево,543
10,Бибирево,544
10,Бибирево,545
10,Бибирево,546
10,Бибирево,547
10,Бибирево,548
10,Бибирево,549
10,Бибирево,550
10,Бибирево,551
10,Бибирево,552
10,Бибирево,553
10,Бибирево,554
10,Бибирево,555
10,Бибирево,556
10,Бибирево,557
10,Бибирево,558
10,Бибирево,559
10,Бибирево,560
10,Бибирево,561
10,Бибирево,562
10,Бибирево,563
10,Бибирево,564
10,Бибирево,565
10,Бибирево,566
10,Бибирево,567
10,Бибирево,568
10,Бибирево,569
10,Бибирево,570
10,Бибирево,571
10,Бибирево,572
10,Бибирево,573
10,Бибирево,574
10,Бибирево,575
10,Бибирево,576
10,Бибирево,577
10,Бибирево,578
10,Бибирево,579
10,Бибирево,580
10,Бибирево,581
10,Бибирево,3657
10,Бибирево,5002
10,Лианозово,599
10,Лианозово,600
10,Лианозово,601
10,Лианозово,602
10,Лианозово,603
10,Лианозово,604
10,Лианозово,605
10,Лианозово,606
10,Лианозово,607
10,Лианозово,608
10,Лианозово,609
10,Лианозово,610
10,Лианозово,611
10,Лианозово,612
10,Лианозово,613
10,Лианозово,614
10,Лианозово,615
10,Лианозово,616
10,Лианозово,617
10,Лианозово,618
10,Лианозово,619
10,Лианозово,620
10,Лианозово,621
10,Северный,798
10,Северный,799
10,Северный,800
10,Северный,801
10,Северный,802
10,Северный,803
10,Северный,804
10,Северный,805
10,Северный,806
10,Северный,3454
11,Алтуфьевский,500
11,Алтуфьевский,501
11,Алтуфьевский,502
11,Алтуфьевский,503
11,Алтуфьевский,504
11,Алтуфьевский,505
11,Алтуфьевский,506
11,Алтуфьевский,507
11,Алтуфьевский,508
11,Алтуфьевский,509
11,Алтуфьевский,510
11,Алтуфьевский,511
11,Алтуфьевский,512
11,Алтуфьевский,513
11,Марфино,644
11,Марфино,645
11,Марфино,646
11,Марфино,647
11,Марфино,648
11,Марфино,649
11,Марфино,650
11,Марфино,651
11,Марфино,3434
11,Отрадное,688
11,Отрадное,689
11,Отрадное,690
11,Отрадное,691
11,Отрадное,692
11,Отрадное,693
11,Отрадное,694
11,Отрадное,695
11,Отрадное,696
11,Отрадное,697
11,Отрадное,698
11,Отрадное,699
11,Отрадное,700
11,Отрадное,701
11,Отрадное,702
11,Отрадное,703
11,Отрадное,704
11,Отрадное,705
11,Отрадное,706
11,Отрадное,707
11,Отрадное,708
11,Отрадное,709
11,Отрадное,710
11,Отрадное,711
11,Отрадное,712
11,Отрадное,713
11,Отрадное,714
11,Отрадное,715
11,Отрадное,716
11,Отрадное,717
11,Отрадное,718
11,Отрадное,719
11,Отрадное,720
11,Отрадное,721
11,Отрадное,722
11,Отрадное,723
11,Отрадное,724
11,Отрадное,725
11,Отрадное,726
11,Отрадное,727
11,Отрадное,728
11,Отрадное,729
11,Отрадное,730
11,Отрадное,731
11,Отрадное,732
11,Отрадное,733
11,Отрадное,734
11,Отрадное,735
11,Отрадное,736
11,Отрадное,737
11,Отрадное,738
11,Отрадное,739
11,Отрадное,740
12,Свиблово,753
12,Свиблово,754
12,Свиблово,755
12,Свиблово,756
12,Свиблово,757
12,Свиблово,758
12,Свиблово,759
12,Свиблово,760
12,Свиблово,761
12,Свиблово,762
12,Свиблово,763
12,Свиблово,764
12,Свиблово,765
12,Свиблово,766
12,Свиблово,3453
12,Северное Медведково,767
12,Северное Медведково,768
12,Северное Медведково,769
12,Северное Медведково,770
12,Северное Медведково,771
12,Северное Медведково,772
12,Северное Медведково,773
12,Северное Медведково,774
12,Северное Медведково,775
12,Северное Медведково,776
12,Северное Медведково,777
12,Северное Медведково,779
12,Северное Медведково,780
12,Северное Медведково,781
12,Северное Медведково,782
12,Северное Медведково,783
12,Северное Медведково,784
12,Северное Медведково,785
12,Северное Медведково,786
12,Северное Медведково,787
12,Северное Медведково,788
12,Северное Медведково,789
12,Северное Медведково,790
12,Северное Медведково,791
12,Северное Медведково,792
12,Северное Медведково,793
12,Северное Медведково,794
12,Северное Медведково,795
12,Северное Медведково,796
12,Северное Медведково,797
12,Южное Медведково,807
12,Южное Медведково,808
12,Южное Медведково,809
12,Южное Медведково,810
12,Южное Медведково,811
12,Южное Медведково,812
12,Южное Медведково,813
12,Южное Медведково,814
12,Южное Медведково,815
12,Южное Медведково,816
12,Южное Медведково,817
12,Южное Медведково,818
12,Южное Медведково,819
12,Южное Медведково,820
12,Южное Медведково,821
12,Южное Медведково,822
12,Южное Медведково,823
12,Южное Медведково,824
12,Южное Медведково,825
12,Южное Медведково,826
12,Южное Медведково,3665
13,Бабушкинский,514
13,Бабушкинский,515
13,Бабушкинский,516
13,Бабушкинский,517
13,Бабушкинский,518
13,Бабушкинский,519
13,Бабушкинский,520
13,Бабушкинский,521
13,Бабушкинский,522
13,Бабушкинский,523
13,Бабушкинский,524
13,Бабушкинский,525
13,Бабушкинский,526
13,Бабушкинский,527
13,Бабушкинский,528
13,Бабушкинский,529
13,Бабушкинский,530
13,Бабушкинский,531
13,Бабушкинский,532
13,Бабушкинский,533
13,Бабушкинский,534
13,Бабушкинский,535
13,Бабушкинский,536
13,Бабушкинский,537
13,Бабушкинский,538
13,Бабушкинский,3656
13,Лосиноостровский,622
13,Лосиноостровский,623
13,Лосиноостровский,624
13,Лосиноостровский,625
13,Лосиноостровский,626
13,Лосиноостровский,627
13,Лосиноостровский,628
13,Лосиноостровский,629
13,Лосиноостровский,630
13,Лосиноостровский,631
13,Лосиноостровский,632
13,Лосиноостровский,633
13,Лосиноостровский,634
13,Лосиноостровский,635
13,Лосиноостровский,636
13,Лосиноостровский,637
13,Лосиноостровский,638
13,Лосиноостровский,639
13,Лосиноостровский,640
13,Лосиноостровский,641
13,Лосиноостровский,642
13,Лосиноостровский,643
13,Лосиноостровский,3659
13,Ярославский,827
13,Ярославский,828
13,Ярославский,829
13,Ярославский,830
13,Ярославский,831
13,Ярославский,832
13,Ярославский,833
13,Ярославский,834
13,Ярославский,835
13,Ярославский,836
13,Ярославский,837
13,Ярославский,838
13,Ярославский,839
13,Ярославский,840
13,Ярославский,841
13,Ярославский,842
13,Ярославский,843
13,Ярославский,844
13,Ярославский,845
13,Ярославский,846
13,Ярославский,847
13,Ярославский,848
13,Ярославский,849
14,Алексеевский,480
14,Алексеевский,481
14,Алексеевский,482
14,Алексеевский,483
14,Алексеевский,484
14,Алексеевский,485
14,Алексеевский,486
14,Алексеевский,487
14,Алексеевский,488
14,Алексеевский,489
14,Алексеевский,490
14,Алексеевский,491
14,Алексеевский,492
14,Алексеевский,493
14,Алексеевский,494
14,Алексеевский,495
14,Алексеевский,496
14,Алексеевский,497
14,Алексеевский,498
14,Алексеевский,499
14,Алексеевский,3655
14,Бутырский,582
14,Бутырский,583
14,Бутырский,584
14,Бутырский,585
14,Бутырский,586
14,Бутырский,587
14,Бутырский,588
14,Бутырский,589
14,Бутырский,590
14,Бутырский,591
14,Бутырский,592
14,Бутырский,593
14,Бутырский,594
14,Бутырский,595
14,Бутырский,596
14,Бутырский,597
14,Бутырский,598
14,Марьина Роща,653
14,Марьина Роща,654
14,Марьина Роща,655
14,Марьина Роща,656
14,Марьина Роща,657
14,Марьина Роща,658
14,Марьина Роща,659
14,Марьина Роща,660
14,Марьина Роща,661
14,Марьина Роща,662
14,Марьина Роща,663
14,Марьина Роща,664
14,Марьина Роща,665
14,Марьина Роща,666
14,Марьина Роща,667
14,Марьина Роща,668
14,Марьина Роща,669
14,Марьина Роща,3660
14,Марьина Роща,3661
14,Останкинский,670
14,Останкинский,671
14,Останкинский,672
14,Останкинский,673
14,Останкинский,674
14,Останкинский,675
14,Останкинский,676
14,Останкинский,677
14,Останкинский,678
14,Останкинский,679
14,Останкинский,680
14,Останкинский,681
14,Останкинский,682
14,Останкинский,683
14,Останкинский,684
14,Останкинский,685
14,Останкинский,686
14,Останкинский,687
14,Ростокино,741
14,Ростокино,742
14,Ростокино,743
14,Ростокино,745
14,Ростокино,746
14,Ростокино,747
14,Ростокино,748
14,Ростокино,749
14,Ростокино,750
14,Ростокино,751
14,Ростокино,752
14,Ростокино,3662
14,Ростокино,3663
15,Гольяново,944
15,Гольяново,945
15,Гольяново,946
15,Гольяново,947
15,Гольяново,948
15,Гольяново,949
15,Гольяново,950
15,Гольяново,951
15,Гольяново,952
15,Гольяново,953
15,Гольяново,954
15,Гольяново,955
15,Гольяново,956
15,Гольяново,957
15,Гольяново,958
15,Гольяново,959
15,Гольяново,960
15,Гольяново,961
15,Гольяново,962
15,Гольяново,963
15,Гольяново,964
15,Гольяново,965
15,Гольяново,966
15,Гольяново,967
15,Гольяново,968
15,Гольяново,969
15,Гольяново,970
15,Гольяново,971
15,Гольяново,972
15,Гольяново,973
15,Гольяново,974
15,Гольяново,975
15,Гольяново,976
15,Гольяново,977
15,Гольяново,978
15,Гольяново,979
15,Гольяново,980
15,Гольяново,981
15,Гольяново,982
15,Гольяново,983
15,Гольяново,984
15,Гольяново,985
15,Гольяново,986
15,Гольяново,987
15,Гольяново,988
15,Гольяново,989
15,Метрогородок,1080
15,Метрогородок,1081
15,Метрогородок,1082
15,Метрогородок,1083
15,Метрогородок,1084
15,Метрогородок,1085
15,Метрогородок,1086
15,Метрогородок,1087
15,Метрогородок,1088
15,Метрогородок,1089
15,Метрогородок,1090
15,Метрогородок,1091
15,Метрогородок,1092
15,Метрогородок,3674
15,Метрогородок,3675
15,Метрогородок,3677
15,Метрогородок,3678
15,Метрогородок,3794
15,Северное Измайлово,1210
15,Северное Измайлово,1211
15,Северное Измайлово,1212
15,Северное Измайлово,1213
15,Северное Измайлово,1214
15,Северное Измайлово,1215
15,Северное Измайлово,1216
15,Северное Измайлово,1217
15,Северное Измайлово,1218
16,Богородское,850
16,Богородское,851
16,Богородское,852
16,Богородское,853
16,Богородское,854
16,Богородское,855
16,Богородское,856
16,Богородское,857
16,Богородское,858
16,Богородское,859
16,Богородское,860
16,Богородское,861
16,Богородское,862
16,Богородское,863
16,Богородское,864
16,Богородское,865
16,Богородское,866
16,Богородское,867
16,Богородское,868
16,Богородское,869
16,Богородское,870
16,Богородское,871
16,Богородское,872
16,Богородское,873
16,Богородское,874
16,Богородское,875
16,Богородское,876
16,Богородское,877
16,Богородское,878
16,Богородское,879
16,Богородское,880
16,Богородское,881
16,Богородское,3666
16,Преображенское,1187
16,Преображенское,1188
16,Преображенское,1189
16,Преображенское,1190
16,Преображенское,1191
16,Преображенское,1192
16,Преображенское,1193
16,Преображенское,1194
16,Преображенское,1195
16,Преображенское,1196
16,Преображенское,1197
16,Преображенское,1198
16,Преображенское,1199
16,Преображенское,1200
16,Преображенское,1201
16,Преображенское,1202
16,Преображенское,1203
16,Преображенское,1204
16,Преображенское,1205
16,Преображенское,1206
16,Преображенское,1207
16,Преображенское,1208
16,Преображенское,1209
16,Преображенское,3681
16,Преображенское,3682
16,Соколиная гора,1237
16,Соколиная гора,1238
16,Соколиная гора,1239
16,Соколиная гора,1240
16,Соколиная гора,1241
16,Соколиная гора,1242
16,Соколиная гора,1243
16,Соколиная гора,1244
16,Соколиная гора,1245
16,Соколиная гора,1246
16,Соколиная гора,1247
16,Соколиная гора,1248
16,Соколиная гора,1249
16,Соколиная гора,1250
16,Соколиная гора,1251
16,Соколиная гора,1252
16,Соколиная гора,3684
16,Соколиная гора,3685
16,Соколиная гора,3686
17,Ивановское,990
17,Ивановское,991
17,Ивановское,992
17,Ивановское,993
17,Ивановское,994
17,Ивановское,995
17,Ивановское,996
17,Ивановское,997
17,Ивановское,998
17,Ивановское,999
17,Ивановское,1000
17,Ивановское,1001
17,Ивановское,1016
17,Ивановское,1017
17,Ивановское,1018
17,Ивановское,1019
17,Ивановское,1020
17,Ивановское,1021
17,Ивановское,1022
17,Ивановское,1023
17,Ивановское,1024
17,Ивановское,1025
17,Перово,1150
17,Перово,1151
17,Перово,1152
17,Перово,1153
17,Перово,1154
17,Перово,1155
17,Перово,1156
17,Перово,1157
17,Перово,1158
17,Перово,1159
17,Перово,1160
17,Перово,1161
17,Перово,1162
17,Перово,1163
17,Перово,1164
17,Перово,1165
17,Перово,1166
17,Перово,1167
17,Перово,1168
17,Перово,1169
17,Перово,1170
17,Перово,1171
17,Перово,1172
17,Перово,1173
17,Перово,1174
17,Перово,1175
17,Перово,1176
17,Перово,1177
17,Перово,1178
17,Перово,1179
17,Перово,1180
17,Перово,1181
17,Перово,1182
17,Перово,1183
17,Перово,1184
17,Перово,1185
17,Перово,1186
17,Перово,3680
17,Соколиная гора,1253
17,Соколиная гора,1254
17,Соколиная гора,1255
17,Соколиная гора,1256
17,Соколиная гора,1257
17,Соколиная гора,1258
17,Соколиная гора,1259
17,Соколиная гора,1260
17,Соколиная гора,1261
18,Восточное Измайлово,918
18,Восточное Измайлово,919
18,Восточное Измайлово,920
18,Восточное Измайлово,921
18,Восточное Измайлово,922
18,Восточное Измайлово,923
18,Восточное Измайлово,924
18,Восточное Измайлово,925
18,Восточное Измайлово,926
18,Восточное Измайлово,927
18,Восточное Измайлово,928
18,Восточное Измайлово,929
18,Восточное Измайлово,930
18,Восточное Измайлово,931
18,Восточное Измайлово,932
18,Восточное Измайлово,933
18,Восточное Измайлово,934
18,Восточное Измайлово,935
18,Восточное Измайлово,936
18,Восточное Измайлово,937
18,Восточное Измайлово,938
18,Восточное Измайлово,939
18,Восточное Измайлово,3669
18,Восточное Измайлово,3670
18,Измайлово,1026
18,Измайлово,1027
18,Измайлово,1028
18,Измайлово,1029
18,Измайлово,1030
18,Измайлово,1031
18,Измайлово,1032
18,Измайлово,1033
18,Измайлово,1034
18,Измайлово,1035
18,Измайлово,1036
18,Измайлово,1037
18,Измайлово,1038
18,Измайлово,1039
18,Измайлово,1040
18,Измайлово,1041
18,Измайлово,1042
18,Измайлово,1043
18,Измайлово,1044
18,Измайлово,1045
18,Измайлово,1046
18,Измайлово,1047
18,Измайлово,1048
18,Измайлово,1049
18,Измайлово,1050
18,Измайлово,1051
18,Измайлово,1052
18,Измайлово,1053
18,Измайлово,1054
18,Измайлово,1055
18,Измайлово,1056
18,Измайлово,1057
18,Измайлово,1058
18,Измайлово,1059
18,Измайлово,3671
18,Измайлово,3672
18,Измайлово,3673
18,Измайлово,3797
18,Восточный,940
18,Восточный,941
18,Восточный,942
18,Восточный,943
18,Северное Измайлово,1219
18,Северное Измайлово,1220
18,Северное Измайлово,1221
18,Северное Измайлово,1222
18,Северное Измайлово,1223
18,Северное Измайлово,1224
18,Северное Измайлово,1225
18,Северное Измайлово,1226
18,Северное Измайлово,1227
18,Северное Измайлово,1228
18,Северное Измайлово,1229
18,Северное Измайлово,1230
18,Северное Измайлово,1231
18,Северное Измайлово,1232
18,Северное Измайлово,1233
18,Северное Измайлово,1234
18,Северное Измайлово,1235
18,Северное Измайлово,1236
19,Вешняки,882
19,Вешняки,883
19,Вешняки,884
19,Вешняки,885
19,Вешняки,886
19,Вешняки,887
19,Вешняки,888
19,Вешняки,889
19,Вешняки,890
19,Вешняки,891
19,Вешняки,892
19,Вешняки,893
19,Вешняки,894
19,Вешняки,895
19,Вешняки,896
19,Вешняки,897
19,Вешняки,898
19,Вешняки,899
19,Вешняки,900
19,Вешняки,901
19,Вешняки,902
19,Вешняки,903
19,Вешняки,908
19,Вешняки,909
19,Вешняки,910
19,Вешняки,911
19,Вешняки,912
19,Вешняки,913
19,Вешняки,914
19,Вешняки,915
19,Вешняки,916
19,Вешняки,917
19,Вешняки,3667
19,Вешняки,3668
19,Ивановское,1002
19,Ивановское,1003
19,Ивановское,1004
19,Ивановское,1005
19,Ивановское,1006
19,Ивановское,1007
19,Ивановское,1008
19,Ивановское,1009
19,Ивановское,1010
19,Ивановское,1011
19,Ивановское,1012
19,Ивановское,1013
19,Ивановское,1014
19,Ивановское,1015
19,Новогиреево,1094
19,Новогиреево,1095
19,Новогиреево,1096
19,Новогиреево,1097
19,Новогиреево,1098
19,Новогиреево,1099
19,Новогиреево,1100
19,Новогиреево,1101
19,Новогиреево,1102
19,Новогиреево,1103
19,Новогиреево,1104
19,Новогиреево,1105
19,Новогиреево,1106
19,Новогиреево,1107
19,Новогиреево,1108
19,Новогиреево,1109
19,Новогиреево,1110
19,Новогиреево,1111
19,Новогиреево,1112
19,Новогиреево,1113
19,Новогиреево,1114
19,Новогиреево,1115
19,Новогиреево,1116
19,Новогиреево,1117
19,Новогиреево,1118
19,Новогиреево,1119
19,Новогиреево,1120
19,Новогиреево,3435
19,Новогиреево,3679
20,Вешняки,904
20,Вешняки,905
20,Вешняки,906
20,Вешняки,907
20,Косино-Ухтомский,1060
20,Косино-Ухтомский,1061
20,Косино-Ухтомский,1062
20,Косино-Ухтомский,1063
20,Косино-Ухтомский,1064
20,Косино-Ухтомский,1065
20,Косино-Ухтомский,1066
20,Косино-Ухтомский,1067
20,Косино-Ухтомский,1068
20,Косино-Ухтомский,1069
20,Косино-Ухтомский,1070
20,Косино-Ухтомский,1071
20,Косино-Ухтомский,1072
20,Косино-Ухтомский,1073
20,Косино-Ухтомский,1074
20,Косино-Ухтомский,1075
20,Косино-Ухтомский,1076
20,Косино-Ухтомский,1077
20,Косино-Ухтомский,1078
20,Косино-Ухтомский,1079
20,Новокосино,1121
20,Новокосино,1122
20,Новокосино,1123
20,Новокосино,1124
20,Новокосино,1125
20,Новокосино,1126
20,Новокосино,1127
20,Новокосино,1128
20,Новокосино,1129
20,Новокосино,1130
20,Новокосино,1131
20,Новокосино,1132
20,Новокосино,1133
20,Новокосино,1134
20,Новокосино,1135
20,Новокосино,1136
20,Новокосино,1137
20,Новокосино,1138
20,Новокосино,1139
20,Новокосино,1140
20,Новокосино,1141
20,Новокосино,1142
20,Новокосино,1143
20,Новокосино,1144
20,Новокосино,1145
20,Новокосино,1146
20,Новокосино,1147
20,Новокосино,1148
20,Новокосино,1149
20,Выхино-Жулебино,1313
20,Выхино-Жулебино,1314
20,Выхино-Жулебино,1315
20,Выхино-Жулебино,1316
20,Выхино-Жулебино,1318
20,Выхино-Жулебино,1319
20,Выхино-Жулебино,1320
20,Выхино-Жулебино,1321
20,Некрасовка,1529
20,Некрасовка,1530
20,Некрасовка,1531
20,Некрасовка,1532
20,Некрасовка,1533
20,Некрасовка,1534
20,Некрасовка,1535
20,Некрасовка,3412
20,Некрасовка,3413
20,Некрасовка,3414
20,Некрасовка,3418
20,Некрасовка,3419
20,Некрасовка,3420
20,Некрасовка,3436
20,Некрасовка,3440
20,Некрасовка,3706
21,Выхино-Жулебино,1277
21,Выхино-Жулебино,1278
21,Выхино-Жулебино,1279
21,Выхино-Жулебино,1280
21,Выхино-Жулебино,1281
21,Выхино-Жулебино,1282
21,Выхино-Жулебино,1283
21,Выхино-Жулебино,1284
21,Выхино-Жулебино,1285
21,Выхино-Жулебино,1286
21,Выхино-Жулебино,1287
21,Выхино-Жулебино,1288
21,Выхино-Жулебино,1289
21,Выхино-Жулебино,1290
21,Выхино-Жулебино,1291
21,Выхино-Жулебино,1292
21,Выхино-Жулебино,1293
21,Выхино-Жулебино,1294
21,Выхино-Жулебино,1295
21,Выхино-Жулебино,1296
21,Выхино-Жулебино,1297
21,Выхино-Жулебино,1298
21,Выхино-Жулебино,1299
21,Выхино-Жулебино,1300
21,Выхино-Жулебино,1301
21,Выхино-Жулебино,1302
21,Выхино-Жулебино,1303
21,Выхино-Жулебино,1304
21,Выхино-Жулебино,1305
21,Выхино-Жулебино,1306
21,Выхино-Жулебино,1307
21,Выхино-Жулебино,1308
21,Выхино-Жулебино,1309
21,Выхино-Жулебино,1310
21,Выхино-Жулебино,1311
21,Выхино-Жулебино,1312
21,Выхино-Жулебино,1317
21,Выхино-Жулебино,1322
21,Выхино-Жулебино,1323
21,Выхино-Жулебино,1324
21,Выхино-Жулебино,1325
21,Выхино-Жулебино,1326
21,Выхино-Жулебино,1327
21,Выхино-Жулебино,1328
21,Выхино-Жулебино,1329
21,Выхино-Жулебино,1330
21,Выхино-Жулебино,1331
21,Выхино-Жулебино,1332
21,Выхино-Жулебино,1333
21,Выхино-Жулебино,1334
21,Выхино-Жулебино,1335
21,Выхино-Жулебино,3698
21,Выхино-Жулебино,3795
21,Рязанский,1574
21,Рязанский,1575
21,Рязанский,1576
21,Рязанский,1577
21,Рязанский,1578
21,Рязанский,1579
21,Рязанский,1580
21,Рязанский,1581
21,Рязанский,1582
21,Рязанский,1583
21,Рязанский,1584
21,Рязанский,1585
21,Рязанский,1586
21,Рязанский,1587
21,Рязанский,1588
21,Рязанский,1589
21,Рязанский,1593
21,Рязанский,1594
21,Рязанский,1595
21,Рязанский,1596
21,Рязанский,1597
21,Рязанский,1598
22,Капотня,1336
22,Капотня,1337
22,Капотня,1338
22,Капотня,1339
22,Капотня,1340
22,Капотня,1341
22,Капотня,1342
22,Капотня,1343
22,Капотня,1344
22,Люблино,1424
22,Люблино,1425
22,Люблино,1426
22,Люблино,1427
22,Люблино,1428
22,Люблино,1429
22,Люблино,1430
22,Люблино,1431
22,Люблино,1432
22,Люблино,1433
22,Люблино,1434
22,Люблино,1435
22,Люблино,1436
22,Люблино,1437
22,Люблино,1438
22,Люблино,1439
22,Люблино,1448
22,Люблино,1449
22,Люблино,1450
22,Люблино,1451
22,Люблино,1452
22,Люблино,1453
22,Люблино,1454
22,Люблино,1455
22,Люблино,1456
22,Люблино,1457
22,Люблино,1458
22,Люблино,1459
22,Люблино,3703
22,Люблино,3705
22,Марьино,1488
22,Марьино,1489
22,Марьино,1490
22,Марьино,1491
22,Марьино,1492
22,Марьино,1493
22,Марьино,1494
22,Марьино,1495
22,Марьино,1506
22,Марьино,1507
22,Марьино,1508
22,Марьино,1509
22,Марьино,1510
22,Марьино,1511
22,Марьино,1512
22,Марьино,1513
22,Марьино,1514
22,Марьино,1515
22,Марьино,1516
22,Марьино,1517
22,Марьино,1518
22,Марьино,1519
22,Марьино,1520
22,Марьино,1521
22,Марьино,1522
22,Марьино,1523
22,Марьино,1524
22,Марьино,1525
22,Марьино,1526
22,Марьино,1527
22,Марьино,1528
23,Кузьминки,1345
23,Кузьминки,1346
23,Кузьминки,1347
23,Кузьминки,1348
23,Кузьминки,1349
23,Кузьминки,1350
23,Кузьминки,1351
23,Кузьминки,1352
23,Кузьминки,1353
23,Кузьминки,1354
23,Кузьминки,1355
23,Кузьминки,1356
23,Кузьминки,1357
23,Кузьминки,1358
23,Кузьминки,1359
23,Кузьминки,1360
23,Кузьминки,1361
23,Кузьминки,1362
23,Кузьминки,1363
23,Кузьминки,1364
23,Кузьминки,1365
23,Кузьминки,1366
23,Кузьминки,1367
23,Кузьминки,1368
23,Кузьминки,1369
23,Кузьминки,1370
23,Кузьминки,1371
23,Кузьминки,1372
23,Кузьминки,1373
23,Кузьминки,1374
23,Кузьминки,1375
23,Кузьминки,1376
23,Кузьминки,1377
23,Кузьминки,1378
23,Кузьминки,1379
23,Кузьминки,1380
23,Кузьминки,1381
23,Кузьминки,1382
23,Люблино,1408
23,Люблино,1409
23,Люблино,1410
23,Люблино,1411
23,Люблино,1412
23,Люблино,1413
23,Люблино,1414
23,Люблино,1415
23,Люблино,1416
23,Люблино,1417
23,Люблино,1418
23,Люблино,1419
23,Люблино,1420
23,Люблино,1421
23,Люблино,1422
23,Люблино,1423
23,Люблино,1440
23,Люблино,1441
23,Люблино,1442
23,Люблино,1443
23,Люблино,1444
23,Люблино,1445
23,Люблино,1446
23,Люблино,1447
23,Люблино,3704
23,Рязанский,1590
23,Рязанский,1591
23,Рязанский,1592
23,Рязанский,1599
23,Рязанский,1600
23,Рязанский,1601
23,Рязанский,1602
23,Рязанский,1603
24,Лефортово,1383
24,Лефортово,1384
24,Лефортово,1385
24,Лефортово,1386
24,Лефортово,1387
24,Лефортово,1388
24,Лефортово,1389
24,Лефортово,1390
24,Лефортово,1391
24,Лефортово,1392
24,Лефортово,1393
24,Лефортово,1394
24,Лефортово,1395
24,Лефортово,1396
24,Лефортово,1397
24,Лефортово,1398
24,Лефортово,1399
24,Лефортово,1400
24,Лефортово,1401
24,Лефортово,1402
24,Лефортово,1403
24,Лефортово,1404
24,Лефортово,1405
24,Лефортово,1406
24,Лефортово,1407
24,Лефортово,3700
24,Лефортово,3701
24,Лефортово,3702
24,Нижегородский,1536
24,Нижегородский,1537
24,Нижегородский,1538
24,Нижегородский,1539
24,Нижегородский,1540
24,Нижегородский,1541
24,Нижегородский,1542
24,Нижегородский,1543
24,Нижегородский,1544
24,Нижегородский,1545
24,Нижегородский,1546
24,Нижегородский,1547
24,Нижегородский,1548
24,Текстильщики,1604
24,Текстильщики,1605
24,Текстильщики,1606
24,Текстильщики,1607
24,Текстильщики,1608
24,Текстильщики,1609
24,Текстильщики,1610
24,Текстильщики,1611
24,Текстильщики,1612
24,Текстильщики,1613
24,Текстильщики,1614
24,Текстильщики,1615
24,Текстильщики,1616
24,Текстильщики,1617
24,Текстильщики,1618
24,Текстильщики,1619
24,Текстильщики,1620
24,Текстильщики,1621
24,Текстильщики,1622
24,Текстильщики,1623
24,Текстильщики,1624
24,Текстильщики,1625
24,Текстильщики,1626
24,Текстильщики,1627
24,Текстильщики,1628
24,Текстильщики,1629
24,Текстильщики,1630
24,Текстильщики,1631
24,Текстильщики,3710
24,Текстильщики,3711
24,Текстильщики,3712
24,Южнопортовый,1632
24,Южнопортовый,1633
24,Южнопортовый,1634
24,Южнопортовый,1635
24,Южнопортовый,1636
24,Южнопортовый,1637
24,Южнопортовый,1638
24,Южнопортовый,1639
24,Южнопортовый,1640
24,Южнопортовый,1641
24,Южнопортовый,1642
24,Южнопортовый,1643
24,Южнопортовый,1644
24,Южнопортовый,1645
24,Южнопортовый,1646
24,Южнопортовый,1647
24,Южнопортовый,1648
24,Южнопортовый,1649
24,Южнопортовый,1650
24,Южнопортовый,1651
24,Южнопортовый,1652
24,Южнопортовый,1653
24,Южнопортовый,1654
24,Южнопортовый,3714
25,Марьино,1460
25,Марьино,1461
25,Марьино,1462
25,Марьино,1463
25,Марьино,1464
25,Марьино,1465
25,Марьино,1466
25,Марьино,1467
25,Марьино,1468
25,Марьино,1469
25,Марьино,1470
25,Марьино,1471
25,Марьино,1472
25,Марьино,1473
25,Марьино,1474
25,Марьино,1475
25,Марьино,1476
25,Марьино,1477
25,Марьино,1478
25,Марьино,1479
25,Марьино,1480
25,Марьино,1481
25,Марьино,1482
25,Марьино,1483
25,Марьино,1484
25,Марьино,1485
25,Марьино,1486
25,Марьино,1487
25,Марьино,1496
25,Марьино,1497
25,Марьино,1498
25,Марьино,1499
25,Марьино,1500
25,Марьино,1501
25,Марьино,1502
25,Марьино,1503
25,Марьино,1504
25,Марьино,1505
25,Печатники,1549
25,Печатники,1550
25,Печатники,1551
25,Печатники,1552
25,Печатники,1553
25,Печатники,1554
25,Печатники,1555
25,Печатники,1556
25,Печатники,1557
25,Печатники,1558
25,Печатники,1559
25,Печатники,1560
25,Печатники,1561
25,Печатники,1562
25,Печатники,1563
25,Печатники,1564
25,Печатники,1565
25,Печатники,1566
25,Печатники,1567
25,Печатники,1568
25,Печатники,1569
25,Печатники,1570
25,Печатники,1571
25,Печатники,1572
25,Печатники,1573
25,Печатники,3708
25,Печатники,3709
26,Братеево,1718
26,Братеево,1719
26,Братеево,1720
26,Братеево,1721
26,Братеево,1722
26,Братеево,1723
26,Братеево,1724
26,Братеево,1725
26,Братеево,1726
26,Братеево,1727
26,Братеево,1728
26,Братеево,1729
26,Братеево,1730
26,Братеево,1731
26,Братеево,1732
26,Братеево,1733
26,Братеево,1734
26,Братеево,1735
26,Братеево,1736
26,Братеево,1737
26,Братеево,1738
26,Братеево,1739
26,Братеево,1740
26,Братеево,1741
26,Братеево,1742
26,Братеево,1743
26,Зябликово,1788
26,Зябликово,1789
26,Зябликово,1790
26,Зябликово,1791
26,Зябликово,1792
26,Зябликово,1793
26,Зябликово,1794
26,Зябликово,1795
26,Зябликово,1796
26,Зябликово,1797
26,Зябликово,1798
26,Зябликово,1799
26,Зябликово,1800
26,Зябликово,1801
26,Зябликово,1802
26,Зябликово,1803
26,Зябликово,1804
26,Зябликово,1805
26,Зябликово,1806
26,Зябликово,1807
26,Зябликово,1808
26,Зябликово,1809
26,Зябликово,1810
26,Зябликово,1811
26,Зябликово,1812
26,Зябликово,1813
26,Зябликово,1814
26,Зябликово,1815
26,Зябликово,1816
26,Зябликово,1817
26,Зябликово,1818
26,Зябликово,1819
26,Зябликово,3722
26,Орехово-Борисово Южное,1969
26,Орехово-Борисово Южное,1970
26,Орехово-Борисово Южное,1972
26,Орехово-Борисово Южное,1973
27,Орехово-Борисово Северное,1917
27,Орехово-Борисово Северное,1918
27,Орехово-Борисово Северное,1919
27,Орехово-Борисово Северное,1920
27,Орехово-Борисово Северное,1921
27,Орехово-Борисово Северное,1922
27,Орехово-Борисово Северное,1923
27,Орехово-Борисово Северное,1924
27,Орехово-Борисово Северное,1925
27,Орехово-Борисово Северное,1926
27,Орехово-Борисово Северное,1927
27,Орехово-Борисово Северное,1928
27,Орехово-Борисово Северное,1929
27,Орехово-Борисово Северное,1930
27,Орехово-Борисово Северное,1931
27,Орехово-Борисово Северное,1932
27,Орехово-Борисово Северное,1933
27,Орехово-Борисово Северное,1934
27,Орехово-Борисово Северное,1935
27,Орехово-Борисово Северное,1936
27,Орехово-Борисово Северное,1937
27,Орехово-Борисово Северное,1938
27,Орехово-Борисово Северное,1939
27,Орехово-Борисово Северное,1940
27,Орехово-Борисово Северное,1941
27,Орехово-Борисово Северное,1942
27,Орехово-Борисово Северное,1943
27,Орехово-Борисово Северное,1944
27,Орехово-Борисово Северное,1945
27,Орехово-Борисово Северное,1946
27,Орехово-Борисово Северное,1947
27,Орехово-Борисово Северное,1948
27,Орехово-Борисово Южное,1949
27,Орехово-Борисово Южное,1950
27,Орехово-Борисово Южное,1951
27,Орехово-Борисово Южное,1952
27,Орехово-Борисово Южное,1953
27,Орехово-Борисово Южное,1954
27,Орехово-Борисово Южное,1955
27,Орехово-Борисово Южное,1956
27,Орехово-Борисово Южное,1957
27,Орехово-Борисово Южное,1958
27,Орехово-Борисово Южное,1959
27,Орехово-Борисово Южное,1960
27,Орехово-Борисово Южное,1961
27,Орехово-Борисово Южное,1962
27,Орехово-Борисово Южное,1963
27,Орехово-Борисово Южное,1964
27,Орехово-Борисово Южное,1965
27,Орехово-Борисово Южное,1966
27,Орехово-Борисово Южное,1967
27,Орехово-Борисово Южное,1968
27,Орехово-Борисово Южное,1971
27,Орехово-Борисово Южное,1974
27,Орехово-Борисово Южное,1975
27,Орехово-Борисово Южное,1976
27,Орехово-Борисово Южное,1977
27,Орехово-Борисово Южное,1978
27,Орехово-Борисово Южное,1979
27,Орехово-Борисово Южное,1980
27,Орехово-Борисово Южное,1981
27,Орехово-Борисово Южное,1982
27,Орехово-Борисово Южное,1983
27,Орехово-Борисово Южное,1984
28,Москворечье-Сабурово,1820
28,Москворечье-Сабурово,1821
28,Москворечье-Сабурово,1822
28,Москворечье-Сабурово,1823
28,Москворечье-Сабурово,1824
28,Москворечье-Сабурово,1825
28,Москворечье-Сабурово,1826
28,Москворечье-Сабурово,1827
28,Москворечье-Сабурово,1828
28,Москворечье-Сабурово,1829
28,Москворечье-Сабурово,1830
28,Москворечье-Сабурово,1831
28,Москворечье-Сабурово,1832
28,Москворечье-Сабурово,1833
28,Москворечье-Сабурово,1834
28,Москворечье-Сабурово,1835
28,Москворечье-Сабурово,1836
28,Москворечье-Сабурово,1837
28,Москворечье-Сабурово,1838
28,Москворечье-Сабурово,1839
28,Москворечье-Сабурово,3723
28,Москворечье-Сабурово,3724
28,Москворечье-Сабурово,3725
28,Москворечье-Сабурово,3726
28,Москворечье-Сабурово,3727
28,Нагатинский затон,1865
28,Нагатинский затон,1868
28,Нагатинский затон,1869
28,Нагатинский затон,1870
28,Нагатинский затон,1875
28,Нагатинский затон,1876
28,Нагатинский затон,1877
28,Нагатинский затон,1878
28,Нагатинский затон,1879
28,Нагатинский затон,1880
28,Нагатинский затон,1881
28,Нагатинский затон,1882
28,Нагатинский затон,1883
28,Нагатинский затон,1884
28,Нагатинский затон,1885
28,Нагатинский затон,1886
28,Нагатинский затон,1887
28,Нагатинский затон,1888
28,Нагатинский затон,1894
28,Нагатинский затон,1895
28,Нагатинский затон,3733
28,Царицыно,1985
28,Царицыно,1986
28,Царицыно,1987
28,Царицыно,1988
28,Царицыно,1989
28,Царицыно,1990
28,Царицыно,1991
28,Царицыно,1992
28,Царицыно,1993
28,Царицыно,1994
28,Царицыно,1995
28,Царицыно,1996
28,Царицыно,1997
28,Царицыно,1998
28,Царицыно,1999
28,Царицыно,2000
28,Царицыно,2001
28,Царицыно,2007
28,Царицыно,2008
28,Царицыно,2009
28,Царицыно,2010
28,Царицыно,2011
28,Царицыно,2012
28,Царицыно,2013
28,Царицыно,2014
28,Царицыно,2015
28,Царицыно,2016
28,Царицыно,2017
28,Царицыно,3734
28,Царицыно,3735
29,Бирюлево Восточное,1655
29,Бирюлево Восточное,1656
29,Бирюлево Восточное,1657
29,Бирюлево Восточное,1658
29,Бирюлево Восточное,1659
29,Бирюлево Восточное,1660
29,Бирюлево Восточное,1661
29,Бирюлево Восточное,1662
29,Бирюлево Восточное,1663
29,Бирюлево Восточное,1664
29,Бирюлево Восточное,1665
29,Бирюлево Восточное,1666
29,Бирюлево Восточное,1667
29,Бирюлево Восточное,1668
29,Бирюлево Восточное,1669
29,Бирюлево Восточное,1670
29,Бирюлево Восточное,1671
29,Бирюлево Восточное,1672
29,Бирюлево Восточное,1673
29,Бирюлево Восточное,1674
29,Бирюлево Восточное,1675
29,Бирюлево Восточное,1676
29,Бирюлево Восточное,1677
29,Бирюлево Восточное,1678
29,Бирюлево Восточное,1679
29,Бирюлево Восточное,1680
29,Бирюлево Восточное,1681
29,Бирюлево Восточное,1682
29,Бирюлево Восточное,1683
29,Бирюлево Восточное,1684
29,Бирюлево Восточное,1685
29,Бирюлево Восточное,1686
29,Бирюлево Восточное,1687
29,Бирюлево Восточное,1688
29,Бирюлево Восточное,1689
29,Бирюлево Восточное,1690
29,Бирюлево Восточное,1691
29,Бирюлево Восточное,1692
29,Бирюлево Восточное,1693
29,Бирюлево Восточное,1694
29,Бирюлево Восточное,1695
29,Бирюлево Восточное,3421
29,Бирюлево Западное,1696
29,Бирюлево Западное,1697
29,Бирюлево Западное,1698
29,Бирюлево Западное,1699
29,Бирюлево Западное,1700
29,Бирюлево Западное,1701
29,Бирюлево Западное,1702
29,Бирюлево Западное,1703
29,Бирюлево Западное,1704
29,Бирюлево Западное,1705
29,Бирюлево Западное,1706
29,Бирюлево Западное,1707
29,Бирюлево Западное,1708
29,Бирюлево Западное,1709
29,Бирюлево Западное,1710
29,Бирюлево Западное,1711
29,Бирюлево Западное,1712
29,Бирюлево Западное,1713
29,Бирюлево Западное,1714
29,Бирюлево Западное,1715
29,Бирюлево Западное,1716
29,Бирюлево Западное,1717
29,Царицыно,2002
29,Царицыно,2003
29,Царицыно,2004
29,Царицыно,2005
29,Царицыно,2006
30,Чертаново Центральное,2047
30,Чертаново Центральное,2048
30,Чертаново Центральное,2049
30,Чертаново Центральное,2050
30,Чертаново Центральное,2051
30,Чертаново Центральное,2052
30,Чертаново Центральное,2053
30,Чертаново Центральное,2054
30,Чертаново Центральное,2055
30,Чертаново Центральное,2056
30,Чертаново Центральное,2057
30,Чертаново Центральное,2058
30,Чертаново Центральное,2059
30,Чертаново Центральное,2060
30,Чертаново Центральное,2061
30,Чертаново Центральное,2062
30,Чертаново Центральное,2063
30,Чертаново Центральное,2064
30,Чертаново Центральное,2065
30,Чертаново Центральное,2066
30,Чертаново Центральное,2067
30,Чертаново Центральное,2068
30,Чертаново Центральное,2069
30,Чертаново Центральное,2070
30,Чертаново Центральное,2071
30,Чертаново Центральное,2072
30,Чертаново Центральное,2073
30,Чертаново Центральное,2074
30,Чертаново Центральное,2075
30,Чертаново Центральное,2076
30,Чертаново Центральное,2077
30,Чертаново Южное,2078
30,Чертаново Южное,2079
30,Чертаново Южное,2080
30,Чертаново Южное,2081
30,Чертаново Южное,2082
30,Чертаново Южное,2083
30,Чертаново Южное,2084
30,Чертаново Южное,2085
30,Чертаново Южное,2086
30,Чертаново Южное,2087
30,Чертаново Южное,2088
30,Чертаново Южное,2089
30,Чертаново Южное,2090
30,Чертаново Южное,2091
30,Чертаново Южное,2092
30,Чертаново Южное,2093
30,Чертаново Южное,2094
30,Чертаново Южное,2095
30,Чертаново Южное,2096
30,Чертаново Южное,2097
30,Чертаново Южное,2098
30,Чертаново Южное,2099
30,Чертаново Южное,2100
30,Чертаново Южное,2101
30,Чертаново Южное,2102
30,Чертаново Южное,2103
30,Чертаново Южное,2104
30,Чертаново Южное,2105
30,Чертаново Южное,2106
30,Чертаново Южное,2107
30,Чертаново Южное,2108
30,Чертаново Южное,2109
30,Чертаново Южное,2110
30,Чертаново Южное,2111
30,Чертаново Южное,2112
30,Чертаново Южное,2113
30,Чертаново Южное,2114
30,Чертаново Южное,2115
30,Чертаново Южное,2116
30,Чертаново Южное,2117
30,Чертаново Южное,3736
30,Чертаново Южное,5003
31,Зюзино,2184
31,Зюзино,2185
31,Зюзино,2186
31,Зюзино,2187
31,Зюзино,2188
31,Зюзино,2189
31,Зюзино,2190
31,Зюзино,2191
31,Зюзино,2192
31,Зюзино,2193
31,Зюзино,2197
31,Зюзино,2198
31,Зюзино,2199
31,Зюзино,2200
31,Зюзино,2201
31,Зюзино,2202
31,Зюзино,2203
31,Зюзино,3740
31,Нагорный,1896
31,Нагорный,1897
31,Нагорный,1898
31,Нагорный,1899
31,Нагорный,1900
31,Нагорный,1901
31,Нагорный,1902
31,Нагорный,1903
31,Нагорный,1904
31,Нагорный,1905
31,Нагорный,1906
31,Нагорный,1907
31,Нагорный,1908
31,Нагорный,1909
31,Нагорный,1910
31,Нагорный,1911
31,Нагорный,1912
31,Нагорный,1913
31,Нагорный,1914
31,Нагорный,1915
31,Нагорный,1916
31,Чертаново Северное,2018
31,Чертаново Северное,2019
31,Чертаново Северное,2020
31,Чертаново Северное,2021
31,Чертаново Северное,2022
31,Чертаново Северное,2023
31,Чертаново Северное,2024
31,Чертаново Северное,2025
31,Чертаново Северное,2026
31,Чертаново Северное,2027
31,Чертаново Северное,2028
31,Чертаново Северное,2029
31,Чертаново Северное,2030
31,Чертаново Северное,2031
31,Чертаново Северное,2032
31,Чертаново Северное,2033
31,Чертаново Северное,2034
31,Чертаново Северное,2035
31,Чертаново Северное,2036
31,Чертаново Северное,2037
31,Чертаново Северное,2038
31,Чертаново Северное,2039
31,Чертаново Северное,2040
31,Чертаново Северное,2041
31,Чертаново Северное,2042
31,Чертаново Северное,2043
31,Чертаново Северное,2044
31,Чертаново Северное,2045
31,Чертаново Северное,2046
32,Даниловский,1744
32,Даниловский,1745
32,Даниловский,1746
32,Даниловский,1747
32,Даниловский,1748
32,Даниловский,1749
32,Даниловский,1750
32,Даниловский,1751
32,Даниловский,1752
32,Даниловский,1753
32,Даниловский,1754
32,Даниловский,1755
32,Даниловский,1756
32,Даниловский,1757
32,Даниловский,1758
32,Даниловский,1759
32,Даниловский,1760
32,Даниловский,1761
32,Даниловский,1762
32,Даниловский,1763
32,Даниловский,1764
32,Даниловский,1765
32,Даниловский,1766
32,Даниловский,1767
32,Даниловский,1768
32,Даниловский,1769
32,Даниловский,1770
32,Даниловский,3716
32,Даниловский,3796
32,Донской,1771
32,Донской,1772
32,Донской,1773
32,Донской,1774
32,Донской,1775
32,Донской,1776
32,Донской,1777
32,Донской,1778
32,Донской,1779
32,Донской,1780
32,Донской,1781
32,Донской,1782
32,Донской,1783
32,Донской,1784
32,Донской,1785
32,Донской,1786
32,Донской,1787
32,Донской,3718
32,Донской,3719
32,Донской,3720
32,Донской,3721
32,Нагатино-Садовники,1840
32,Нагатино-Садовники,1841
32,Нагатино-Садовники,1842
32,Нагатино-Садовники,1843
32,Нагатино-Садовники,1844
32,Нагатино-Садовники,1845
32,Нагатино-Садовники,1846
32,Нагатино-Садовники,1847
32,Нагатино-Садовники,1848
32,Нагатино-Садовники,1849
32,Нагатино-Садовники,1850
32,Нагатино-Садовники,1851
32,Нагатино-Садовники,1852
32,Нагатино-Садовники,1853
32,Нагатино-Садовники,1854
32,Нагатино-Садовники,1855
32,Нагатино-Садовники,1856
32,Нагатино-Садовники,1857
32,Нагатино-Садовники,1858
32,Нагатино-Садовники,1859
32,Нагатино-Садовники,1860
32,Нагатино-Садовники,1861
32,Нагатино-Садовники,1862
32,Нагатино-Садовники,3728
32,Нагатино-Садовники,3729
32,Нагатино-Садовники,3730
32,Нагатино-Садовники,3731
32,Нагатинский затон,1863
32,Нагатинский затон,1864
32,Нагатинский затон,1866
32,Нагатинский затон,1867
32,Нагатинский затон,1871
32,Нагатинский затон,1872
32,Нагатинский затон,1873
32,Нагатинский затон,1874
32,Нагатинский затон,1889
32,Нагатинский затон,1890
32,Нагатинский затон,1891
32,Нагатинский затон,1892
32,Нагатинский затон,1893
33,Северное Бутово,2318
33,Северное Бутово,2319
33,Северное Бутово,2320
33,Северное Бутово,2321
33,Северное Бутово,2322
33,Северное Бутово,2323
33,Северное Бутово,2324
33,Северное Бутово,2325
33,Северное Бутово,2326
33,Северное Бутово,2327
33,Северное Бутово,2333
33,Северное Бутово,2334
33,Северное Бутово,2335
33,Северное Бутово,2336
33,Северное Бутово,2337
33,Северное Бутово,2338
33,Северное Бутово,2339
33,Северное Бутово,2340
33,Северное Бутово,2341
33,Южное Бутово,2416
33,Южное Бутово,2417
33,Южное Бутово,2418
33,Южное Бутово,2419
33,Южное Бутово,2420
33,Южное Бутово,2421
33,Южное Бутово,2422
33,Южное Бутово,2423
33,Южное Бутово,2424
33,Южное Бутово,2425
33,Южное Бутово,2426
33,Южное Бутово,2427
33,Южное Бутово,2428
33,Южное Бутово,2429
33,Южное Бутово,2430
33,Южное Бутово,2431
33,Южное Бутово,2432
33,Южное Бутово,2433
33,Южное Бутово,2434
33,Южное Бутово,2435
33,Южное Бутово,2436
33,Южное Бутово,2437
33,Южное Бутово,2438
33,Южное Бутово,2439
33,Южное Бутово,2440
33,Южное Бутово,2441
33,Южное Бутово,2442
33,Южное Бутово,2443
33,Южное Бутово,2444
33,Южное Бутово,2445
33,Южное Бутово,2446
33,Южное Бутово,2447
33,Южное Бутово,2448
33,Южное Бутово,2449
33,Южное Бутово,2450
33,Южное Бутово,2451
33,Южное Бутово,2452
33,Южное Бутово,2453
33,Южное Бутово,2454
33,Южное Бутово,2455
33,Южное Бутово,2456
33,Южное Бутово,2457
33,Южное Бутово,2458
33,Южное Бутово,2459
33,Южное Бутово,2460
33,Южное Бутово,2461
33,Южное Бутово,2462
33,Южное Бутово,2463
33,Южное Бутово,2464
33,Южное Бутово,2465
33,Южное Бутово,2466
33,Южное Бутово,2467
33,Южное Бутово,2468
33,Южное Бутово,2469
33,Южное Бутово,2470
33,Южное Бутово,2471
33,Южное Бутово,2472
33,Южное Бутово,2473
33,Южное Бутово,3422
34,Зюзино,2172
34,Зюзино,2173
34,Зюзино,2174
34,Зюзино,2175
34,Зюзино,2176
34,Зюзино,2177
34,Зюзино,2178
34,Зюзино,2179
34,Зюзино,2180
34,Зюзино,2181
34,Зюзино,2182
34,Зюзино,2183
34,Зюзино,2194
34,Зюзино,2195
34,Зюзино,2196
34,Северное Бутово,2315
34,Северное Бутово,2316
34,Северное Бутово,2317
34,Северное Бутово,2328
34,Северное Бутово,2329
34,Северное Бутово,2330
34,Северное Бутово,2331
34,Северное Бутово,2332
34,Ясенево,2474
34,Ясенево,2475
34,Ясенево,2476
34,Ясенево,2477
34,Ясенево,2478
34,Ясенево,2479
34,Ясенево,2480
34,Ясенево,2481
34,Ясенево,2482
34,Ясенево,2483
34,Ясенево,2484
34,Ясенево,2485
34,Ясенево,2486
34,Ясенево,2487
34,Ясенево,2488
34,Ясенево,2489
34,Ясенево,2490
34,Ясенево,2491
34,Ясенево,2492
34,Ясенево,2493
34,Ясенево,2494
34,Ясенево,2495
34,Ясенево,2496
34,Ясенево,2497
34,Ясенево,2498
34,Ясенево,2499
34,Ясенево,2500
34,Ясенево,2501
34,Ясенево,2502
34,Ясенево,2503
34,Ясенево,2504
34,Ясенево,2505
34,Ясенево,2506
34,Ясенево,2507
34,Ясенево,2508
34,Ясенево,2509
34,Ясенево,2510
34,Ясенево,2511
34,Ясенево,2512
34,Ясенево,2513
34,Ясенево,2514
34,Ясенево,2515
34,Ясенево,2516
34,Ясенево,2517
34,Ясенево,2518
34,Ясенево,2519
34,Ясенево,2520
34,Ясенево,2521
34,Ясенево,2522
34,Ясенево,2523
34,Ясенево,2524
34,Ясенево,2525
34,Ясенево,2526
34,Ясенево,2527
34,Ясенево,2528
34,Ясенево,2529
34,Ясенево,2530
34,Ясенево,2531
34,Ясенево,2532
34,Ясенево,2533
34,Ясенево,2534
34,Ясенево,2535
34,Ясенево,2536
34,Ясенево,2537
34,Ясенево,2538
34,Ясенево,2539
34,Ясенево,2540
34,Ясенево,3749
34,Ясенево,3750
35,Коньково,2204
35,Коньково,2205
35,Коньково,2206
35,Коньково,2207
35,Коньково,2208
35,Коньково,2209
35,Коньково,2210
35,Коньково,2211
35,Коньково,2212
35,Коньково,2213
35,Коньково,2214
35,Коньково,2215
35,Коньково,2216
35,Коньково,2217
35,Коньково,2218
35,Коньково,2219
35,Коньково,2220
35,Коньково,2221
35,Коньково,2222
35,Коньково,2223
35,Коньково,2224
35,Коньково,2225
35,Коньково,2226
35,Коньково,2227
35,Коньково,2228
35,Коньково,2229
35,Коньково,2230
35,Коньково,2231
35,Коньково,2232
35,Коньково,2233
35,Коньково,2234
35,Коньково,2235
35,Коньково,2236
35,Коньково,2237
35,Коньково,2238
35,Коньково,2239
35,Коньково,2240
35,Коньково,2241
35,Коньково,2242
35,Коньково,2243
35,Коньково,2244
35,Коньково,2245
35,Коньково,2246
35,Коньково,2247
35,Коньково,3742
35,Теплый Стан,2342
35,Теплый Стан,2343
35,Теплый Стан,2344
35,Теплый Стан,2345
35,Теплый Стан,2346
35,Теплый Стан,2347
35,Теплый Стан,2348
35,Теплый Стан,2349
35,Теплый Стан,2350
35,Теплый Стан,2351
35,Теплый Стан,2352
35,Теплый Стан,2353
35,Теплый Стан,2354
35,Теплый Стан,2355
35,Теплый Стан,2356
35,Теплый Стан,2357
35,Теплый Стан,2358
35,Теплый Стан,2359
35,Теплый Стан,2360
35,Теплый Стан,2361
35,Теплый Стан,2362
35,Теплый Стан,2363
35,Теплый Стан,2364
35,Теплый Стан,2365
35,Теплый Стан,2366
35,Теплый Стан,2367
35,Теплый Стан,2368
35,Теплый Стан,2369
35,Теплый Стан,2370
35,Теплый Стан,2371
35,Теплый Стан,2372
35,Теплый Стан,2373
35,Теплый Стан,2374
35,Теплый Стан,2375
35,Теплый Стан,2376
35,Теплый Стан,2377
35,Теплый Стан,2378
35,Теплый Стан,2379
35,Теплый Стан,2380
35,Теплый Стан,2381
35,Теплый Стан,2382
35,Теплый Стан,2383
35,Теплый Стан,2384
35,Теплый Стан,2385
36,Котловка,2248
36,Котловка,2249
36,Котловка,2250
36,Котловка,2251
36,Котловка,2252
36,Котловка,2253
36,Котловка,2254
36,Котловка,2255
36,Котловка,2256
36,Котловка,2257
36,Котловка,2258
36,Котловка,2259
36,Котловка,2260
36,Котловка,2261
36,Котловка,2262
36,Котловка,2263
36,Котловка,2264
36,Котловка,2265
36,Обручевский,2292
36,Обручевский,2293
36,Обручевский,2294
36,Обручевский,2295
36,Обручевский,2296
36,Обручевский,2297
36,Обручевский,2298
36,Обручевский,2299
36,Обручевский,2300
36,Обручевский,2301
36,Обручевский,2302
36,Обручевский,2303
36,Обручевский,2304
36,Обручевский,2305
36,Обручевский,2306
36,Обручевский,2307
36,Обручевский,2308
36,Обручевский,2309
36,Обручевский,2310
36,Обручевский,2311
36,Обручевский,2312
36,Обручевский,2313
36,Обручевский,2314
36,Обручевский,3743
36,Обручевский,3744
36,Обручевский,3745
36,Обручевский,3746
36,Обручевский,3747
36,Черемушки,2386
36,Черемушки,2387
36,Черемушки,2388
36,Черемушки,2389
36,Черемушки,2390
36,Черемушки,2391
36,Черемушки,2392
36,Черемушки,2393
36,Черемушки,2394
36,Черемушки,2395
36,Черемушки,2396
36,Черемушки,2397
36,Черемушки,2398
36,Черемушки,2399
36,Черемушки,2400
36,Черемушки,2401
36,Черемушки,2402
36,Черемушки,2403
36,Черемушки,2404
36,Черемушки,2405
36,Черемушки,2406
36,Черемушки,2407
36,Черемушки,2408
36,Черемушки,2409
36,Черемушки,2410
36,Черемушки,2411
36,Черемушки,2412
36,Черемушки,2413
36,Черемушки,2414
36,Черемушки,2415
36,Черемушки,3748
37,Проспект Вернадского,2742
37,Проспект Вернадского,2743
37,Проспект Вернадского,2744
37,Проспект Вернадского,2745
37,Проспект Вернадского,2746
37,Проспект Вернадского,2747
37,Проспект Вернадского,2748
37,Проспект Вернадского,2749
37,Проспект Вернадского,2750
37,Проспект Вернадского,3762
37,Академический,2118
37,Академический,2119
37,Академический,2120
37,Академический,2121
37,Академический,2122
37,Академический,2123
37,Академический,2124
37,Академический,2125
37,Академический,2126
37,Академический,2127
37,Академический,2128
37,Академический,2129
37,Академический,2130
37,Академический,2131
37,Академический,2132
37,Академический,2133
37,Академический,2134
37,Академический,2135
37,Академический,2136
37,Академический,2137
37,Академический,2138
37,Академический,2139
37,Академический,2140
37,Академический,2141
37,Академический,2142
37,Академический,2143
37,Академический,2144
37,Академический,2145
37,Академический,2146
37,Академический,2147
37,Академический,3737
37,Академический,3738
37,Гагаринский,2148
37,Гагаринский,2149
37,Гагаринский,2150
37,Гагаринский,2151
37,Гагаринский,2152
37,Гагаринский,2153
37,Гагаринский,2154
37,Гагаринский,2155
37,Гагаринский,2156
37,Гагаринский,2157
37,Гагаринский,2158
37,Гагаринский,2159
37,Гагаринский,2160
37,Гагаринский,2161
37,Гагаринский,2162
37,Гагаринский,2163
37,Гагаринский,2164
37,Гагаринский,2165
37,Гагаринский,2166
37,Гагаринский,2167
37,Гагаринский,2168
37,Гагаринский,2169
37,Гагаринский,2170
37,Гагаринский,2171
37,Гагаринский,3739
37,Ломоносовский,2266
37,Ломоносовский,2267
37,Ломоносовский,2268
37,Ломоносовский,2269
37,Ломоносовский,2270
37,Ломоносовский,2271
37,Ломоносовский,2272
37,Ломоносовский,2273
37,Ломоносовский,2274
37,Ломоносовский,2275
37,Ломоносовский,2276
37,Ломоносовский,2277
37,Ломоносовский,2278
37,Ломоносовский,2279
37,Ломоносовский,2280
37,Ломоносовский,2281
37,Ломоносовский,2282
37,Ломоносовский,2283
37,Ломоносовский,2284
37,Ломоносовский,2285
37,Ломоносовский,2286
37,Ломоносовский,2287
37,Ломоносовский,2288
37,Ломоносовский,2289
37,Ломоносовский,2290
37,Ломоносовский,2291
38,Проспект Вернадского,2734
38,Проспект Вернадского,2735
38,Проспект Вернадского,2736
38,Проспект Вернадского,2737
38,Проспект Вернадского,2738
38,Проспект Вернадского,2739
38,Проспект Вернадского,2740
38,Проспект Вернадского,2741
38,Проспект Вернадского,2751
38,Проспект Вернадского,2752
38,Тропарево-Никулино,2832
38,Тропарево-Никулино,2833
38,Тропарево-Никулино,2834
38,Тропарево-Никулино,2835
38,Тропарево-Никулино,2836
38,Тропарево-Никулино,2837
38,Тропарево-Никулино,2838
38,Тропарево-Никулино,2839
38,Тропарево-Никулино,2840
38,Тропарево-Никулино,2841
38,Тропарево-Никулино,2842
38,Тропарево-Никулино,2843
38,Тропарево-Никулино,2844
38,Тропарево-Никулино,2845
38,Тропарево-Никулино,2846
38,Тропарево-Никулино,2847
38,Новомосковская,3306
38,Новомосковская,3307
38,Новомосковская,3308
38,Новомосковская,3309
38,Новомосковская,3310
38,Новомосковская,3311
38,Новомосковская,3321
38,Новомосковская,3322
38,Новомосковская,3323
38,Новомосковская,3324
38,Новомосковская,3325
38,Новомосковская,3326
38,Новомосковская,3327
38,Новомосковская,3328
38,Новомосковская,3329
38,Новомосковская,3330
38,Новомосковская,3352
38,Новомосковская,3353
38,Новомосковская,3354
38,Новомосковская,3355
38,Новомосковская,3415
38,Новомосковская,3427
38,Новомосковская,3428
38,Новомосковская,3429
38,Новомосковская,3443
38,Новомосковская,3444
38,Новомосковская,3445
38,Новомосковская,3458
38,Троицкий административный округ,3370
38,Троицкий административный округ,3371
38,Троицкий административный округ,3372
38,Троицкий административный округ,3373
38,Троицкий административный округ,3374
38,Троицкий административный округ,3375
38,Троицкий административный округ,3376
38,Троицкий административный округ,3390
38,Троицкий административный округ,3408
38,Троицкий административный округ,3409
38,Троицкий административный округ,3410
38,Троицкий административный округ,3411
38,Сосенская,3303
38,Сосенская,3304
38,Сосенская,3305
38,Сосенская,3331
38,Сосенская,3332
38,Сосенская,3333
38,Сосенская,3334
38,Сосенская,3335
38,Сосенская,3336
38,Сосенская,3337
38,Сосенская,3338
38,Сосенская,3339
38,Сосенская,3340
38,Сосенская,3341
38,Сосенская,3342
38,Сосенская,3343
38,Сосенская,3344
38,Сосенская,3345
38,Сосенская,3346
38,Сосенская,3347
38,Сосенская,3348
38,Сосенская,3349
38,Сосенская,3350
38,Сосенская,3351
38,Сосенская,3356
38,Сосенская,3357
38,Сосенская,3358
38,Сосенская,3359
38,Сосенская,3360
38,Сосенская,3361
38,Сосенская,3362
38,Сосенская,3363
38,Сосенская,3364
38,Сосенская,3365
38,Сосенская,3366
38,Сосенская,3367
38,Сосенская,3368
38,Сосенская,3369
38,Сосенская,3430
38,Сосенская,3431
38,Сосенская,3432
38,Сосенская,3442
38,Сосенская,3446
38,Сосенская,3447
38,Сосенская,3448
38,Сосенская,3459
38,Сосенская,3460
38,Сосенская,3461
38,Сосенская,3462
38,Сосенская,3463
39,Внуково,2541
39,Внуково,2542
39,Внуково,2543
39,Внуково,2544
39,Внуково,2545
39,Внуково,2546
39,Внуково,2547
39,Ново-Переделкино,2667
39,Ново-Переделкино,2668
39,Ново-Переделкино,2669
39,Ново-Переделкино,2670
39,Ново-Переделкино,2671
39,Ново-Переделкино,2672
39,Ново-Переделкино,2673
39,Ново-Переделкино,2674
39,Ново-Переделкино,2675
39,Ново-Переделкино,2676
39,Ново-Переделкино,2677
39,Ново-Переделкино,2678
39,Ново-Переделкино,2679
39,Ново-Переделкино,2680
39,Ново-Переделкино,2681
39,Ново-Переделкино,2682
39,Ново-Переделкино,2683
39,Ново-Переделкино,2684
39,Ново-Переделкино,2685
39,Ново-Переделкино,2686
39,Ново-Переделкино,2687
39,Ново-Переделкино,2688
39,Ново-Переделкино,2689
39,Ново-Переделкино,2690
39,Ново-Переделкино,2691
39,Ново-Переделкино,2692
39,Ново-Переделкино,2693
39,Ново-Переделкино,2694
39,Ново-Переделкино,2695
39,Ново-Переделкино,2696
39,Ново-Переделкино,2697
39,Ново-Переделкино,2698
39,Ново-Переделкино,2699
39,Ново-Переделкино,2700
39,Ново-Переделкино,2701
39,Ново-Переделкино,2702
39,Ново-Переделкино,3759
39,Новомосковская,3299
39,Новомосковская,3300
39,Новомосковская,3301
39,Новомосковская,3302
39,Новомосковская,3312
39,Новомосковская,3313
39,Новомосковская,3314
39,Новомосковская,3315
39,Новомосковская,3316
39,Новомосковская,3317
39,Новомосковская,3318
39,Новомосковская,3319
39,Новомосковская,3320
39,Новомосковская,3425
39,Новомосковская,3426
39,Новомосковская,3441
39,Новомосковская,3457
39,Троицкий административный округ,3377
39,Троицкий административный округ,3378
39,Троицкий административный округ,3379
39,Троицкий административный округ,3380
39,Троицкий административный округ,3381
39,Троицкий административный округ,3382
39,Троицкий административный округ,3383
39,Троицкий административный округ,3384
39,Троицкий административный округ,3385
39,Троицкий административный округ,3386
39,Троицкий административный округ,3387
39,Троицкий административный округ,3388
39,Троицкий административный округ,3389
39,Троицкий административный округ,3391
39,Троицкий административный округ,3392
39,Троицкий административный округ,3393
39,Троицкий административный округ,3394
39,Троицкий административный округ,3395
39,Троицкий административный округ,3396
39,Троицкий административный округ,3397
39,Троицкий административный округ,3398
39,Троицкий административный округ,3399
39,Троицкий административный округ,3400
39,Троицкий административный округ,3401
39,Троицкий административный округ,3402
39,Троицкий административный округ,3403
39,Троицкий административный округ,3404
39,Троицкий административный округ,3405
39,Троицкий административный округ,3406
39,Троицкий административный округ,3407
39,Троицкий административный округ,3433
40,Очаково-Матвеевское,2703
40,Очаково-Матвеевское,2704
40,Очаково-Матвеевское,2705
40,Очаково-Матвеевское,2706
40,Очаково-Матвеевское,2707
40,Очаково-Матвеевское,2708
40,Очаково-Матвеевское,2709
40,Очаково-Матвеевское,2710
40,Очаково-Матвеевское,2711
40,Очаково-Матвеевское,2712
40,Очаково-Матвеевское,2713
40,Очаково-Матвеевское,2714
40,Очаково-Матвеевское,2715
40,Очаково-Матвеевское,2716
40,Очаково-Матвеевское,2717
40,Очаково-Матвеевское,2718
40,Очаково-Матвеевское,2719
40,Очаково-Матвеевское,2720
40,Очаково-Матвеевское,2721
40,Очаково-Матвеевское,2722
40,Очаково-Матвеевское,2723
40,Очаково-Матвеевское,2724
40,Очаково-Матвеевское,2725
40,Очаково-Матвеевское,2726
40,Очаково-Матвеевское,2727
40,Очаково-Матвеевское,2728
40,Очаково-Матвеевское,2729
40,Очаково-Матвеевское,2730
40,Очаково-Матвеевское,2731
40,Очаково-Матвеевское,2732
40,Очаково-Матвеевское,2733
40,Очаково-Матвеевское,3760
40,Очаково-Матвеевское,3761
40,Солнцево,2791
40,Солнцево,2792
40,Солнцево,2793
40,Солнцево,2794
40,Солнцево,2795
40,Солнцево,2796
40,Солнцево,2797
40,Солнцево,2798
40,Солнцево,2799
40,Солнцево,2800
40,Солнцево,2801
40,Солнцево,2802
40,Солнцево,2803
40,Солнцево,2804
40,Солнцево,2805
40,Солнцево,2806
40,Солнцево,2807
40,Солнцево,2808
40,Солнцево,2809
40,Солнцево,2810
40,Солнцево,2811
40,Солнцево,2812
40,Солнцево,2813
40,Солнцево,2814
40,Солнцево,2815
40,Солнцево,2816
40,Солнцево,2817
40,Солнцево,2818
40,Солнцево,3423
40,Солнцево,3455
40,Солнцево,3765
40,Тропарево-Никулино,2819
40,Тропарево-Никулино,2820
40,Тропарево-Никулино,2821
40,Тропарево-Никулино,2822
40,Тропарево-Никулино,2823
40,Тропарево-Никулино,2824
40,Тропарево-Никулино,2825
40,Тропарево-Никулино,2826
40,Тропарево-Никулино,2827
40,Тропарево-Никулино,2828
40,Тропарево-Никулино,2829
40,Тропарево-Никулино,2830
40,Тропарево-Никулино,2831
40,Тропарево-Никулино,2848
40,Тропарево-Никулино,2849
40,Тропарево-Никулино,2850
40,Тропарево-Никулино,2851
41,Кунцево,2591
41,Кунцево,2592
41,Кунцево,2593
41,Кунцево,2594
41,Кунцево,2595
41,Кунцево,2599
41,Кунцево,2600
41,Кунцево,2601
41,Кунцево,2602
41,Кунцево,2603
41,Кунцево,2604
41,Кунцево,2605
41,Кунцево,2606
41,Кунцево,2607
41,Кунцево,2608
41,Кунцево,2609
41,Кунцево,2610
41,Кунцево,2611
41,Кунцево,2612
41,Кунцево,2613
41,Кунцево,2614
41,Кунцево,2615
41,Кунцево,2626
41,Кунцево,2627
41,Кунцево,2628
41,Кунцево,3751
41,Кунцево,3752
41,Кунцево,3756
41,Можайский,2630
41,Можайский,2631
41,Можайский,2632
41,Можайский,2633
41,Можайский,2634
41,Можайский,2635
41,Можайский,2636
41,Можайский,2637
41,Можайский,2638
41,Можайский,2639
41,Можайский,2640
41,Можайский,2641
41,Можайский,2642
41,Можайский,2643
41,Можайский,2644
41,Можайский,2645
41,Можайский,2646
41,Можайский,2647
41,Можайский,2648
41,Можайский,2649
41,Можайский,2650
41,Можайский,2651
41,Можайский,2652
41,Можайский,2653
41,Можайский,2654
41,Можайский,2655
41,Можайский,2656
41,Можайский,2657
41,Можайский,2658
41,Можайский,2659
41,Можайский,2660
41,Можайский,2661
41,Можайский,2662
41,Можайский,2663
41,Можайский,2664
41,Можайский,2665
41,Можайский,2666
41,Можайский,3757
41,Фили-Давыдково,2898
41,Фили-Давыдково,2899
41,Фили-Давыдково,2900
41,Фили-Давыдково,2901
41,Фили-Давыдково,2902
41,Фили-Давыдково,2903
41,Фили-Давыдково,2904
42,Дорогомилово,2548
42,Дорогомилово,2549
42,Дорогомилово,2550
42,Дорогомилово,2551
42,Дорогомилово,2552
42,Дорогомилово,2553
42,Дорогомилово,2554
42,Дорогомилово,2555
42,Дорогомилово,2556
42,Дорогомилово,2557
42,Дорогомилово,2558
42,Дорогомилово,2559
42,Дорогомилово,2560
42,Дорогомилово,2561
42,Дорогомилово,2562
42,Дорогомилово,2563
42,Дорогомилово,2564
42,Дорогомилово,2565
42,Дорогомилово,2566
42,Дорогомилово,2567
42,Раменки,2753
42,Раменки,2754
42,Раменки,2755
42,Раменки,2756
42,Раменки,2757
42,Раменки,2758
42,Раменки,2759
42,Раменки,2760
42,Раменки,2761
42,Раменки,2762
42,Раменки,2763
42,Раменки,2764
42,Раменки,2765
42,Раменки,2766
42,Раменки,2767
42,Раменки,2768
42,Раменки,2769
42,Раменки,2770
42,Раменки,2771
42,Раменки,2772
42,Раменки,2773
42,Раменки,2774
42,Раменки,2775
42,Раменки,2776
42,Раменки,2777
42,Раменки,2778
42,Раменки,2779
42,Раменки,2780
42,Раменки,2781
42,Раменки,2782
42,Раменки,2783
42,Раменки,2784
42,Раменки,2785
42,Раменки,2786
42,Раменки,2787
42,Раменки,2788
42,Раменки,2789
42,Раменки,2790
42,Раменки,3763
42,Фили-Давыдково,2876
42,Фили-Давыдково,2877
42,Фили-Давыдково,2878
42,Фили-Давыдково,2879
42,Фили-Давыдково,2880
42,Фили-Давыдково,2881
42,Фили-Давыдково,2882
42,Фили-Давыдково,2883
42,Фили-Давыдково,2884
42,Фили-Давыдково,2885
42,Фили-Давыдково,2886
42,Фили-Давыдково,2887
42,Фили-Давыдково,2888
42,Фили-Давыдково,2889
42,Фили-Давыдково,2890
42,Фили-Давыдково,2891
42,Фили-Давыдково,2892
42,Фили-Давыдково,2893
42,Фили-Давыдково,2894
42,Фили-Давыдково,2895
42,Фили-Давыдково,2896
42,Фили-Давыдково,2897
43,Арбат,1
43,Арбат,2
43,Арбат,4
43,Арбат,5
43,Арбат,7
43,Арбат,9
43,Пресненский,73
43,Пресненский,74
43,Пресненский,75
43,Пресненский,77
43,Пресненский,78
43,Пресненский,79
43,Пресненский,80
43,Пресненский,81
43,Пресненский,82
43,Пресненский,83
43,Пресненский,84
43,Пресненский,85
43,Пресненский,86
43,Пресненский,87
43,Пресненский,88
43,Пресненский,89
43,Пресненский,90
43,Пресненский,91
43,Пресненский,92
43,Пресненский,93
43,Пресненский,94
43,Пресненский,95
43,Пресненский,96
43,Пресненский,97
43,Пресненский,98
43,Пресненский,99
43,Пресненский,100
43,Пресненский,101
43,Пресненский,102
43,Пресненский,103
43,Пресненский,104
43,Хамовники,156
43,Хамовники,157
43,Хамовники,158
43,Хамовники,159
43,Хамовники,160
43,Хамовники,162
43,Хамовники,163
43,Хамовники,165
43,Хамовники,166
43,Хамовники,167
43,Хамовники,168
43,Хамовники,170
43,Хамовники,171
43,Хамовники,172
43,Хамовники,173
43,Хамовники,175
43,Хамовники,176
43,Хамовники,177
43,Хамовники,179
43,Хамовники,180
43,Хамовники,181
43,Хамовники,3627
43,Хамовники,3629
43,Хамовники,3630
43,Хамовники,3631
44,Замоскворечье,38
44,Замоскворечье,39
44,Замоскворечье,40
44,Замоскворечье,41
44,Замоскворечье,42
44,Замоскворечье,43
44,Замоскворечье,44
44,Замоскворечье,45
44,Замоскворечье,46
44,Замоскворечье,47
44,Замоскворечье,48
44,Замоскворечье,3611
44,Замоскворечье,3612
44,Таганский,105
44,Таганский,106
44,Таганский,107
44,Таганский,108
44,Таганский,109
44,Таганский,110
44,Таганский,111
44,Таганский,112
44,Таганский,113
44,Таганский,114
44,Таганский,115
44,Таганский,116
44,Таганский,117
44,Таганский,118
44,Таганский,119
44,Таганский,120
44,Таганский,121
44,Таганский,122
44,Таганский,123
44,Таганский,124
44,Таганский,125
44,Таганский,126
44,Таганский,127
44,Таганский,128
44,Таганский,129
44,Таганский,130
44,Таганский,131
44,Таганский,132
44,Таганский,133
44,Таганский,134
44,Таганский,135
44,Таганский,136
44,Таганский,3619
44,Таганский,3620
44,Тверской,137
44,Тверской,138
44,Тверской,139
44,Тверской,140
44,Тверской,141
44,Тверской,142
44,Тверской,143
44,Тверской,144
44,Тверской,145
44,Тверской,146
44,Тверской,147
44,Тверской,148
44,Тверской,149
44,Тверской,151
44,Тверской,152
44,Тверской,153
44,Тверской,155
44,Тверской,3622
44,Тверской,3623
44,Тверской,3624
44,Тверской,3625
44,Якиманка,182
44,Якиманка,183
44,Якиманка,184
44,Якиманка,185
44,Якиманка,186
44,Якиманка,187
44,Якиманка,3632
45,Сокольники,1262
45,Сокольники,1263
45,Сокольники,1264
45,Сокольники,1265
45,Сокольники,1266
45,Сокольники,1267
45,Сокольники,1268
45,Сокольники,1269
45,Сокольники,1270
45,Сокольники,1271
45,Сокольники,1272
45,Сокольники,1273
45,Сокольники,1274
45,Сокольники,1275
45,Сокольники,1276
45,Сокольники,3688
45,Сокольники,3690
45,Сокольники,3691
45,Сокольники,3692
45,Сокольники,3693
45,Сокольники,3694
45,Сокольники,3695
45,Сокольники,3696
45,Сокольники,3697
45,Басманный,10
45,Басманный,11
45,Басманный,13
45,Басманный,14
45,Басманный,16
45,Басманный,18
45,Басманный,19
45,Басманный,21
45,Басманный,22
45,Басманный,23
45,Басманный,24
45,Басманный,25
45,Басманный,26
45,Басманный,27
45,Басманный,29
45,Басманный,30
45,Басманный,31
45,Басманный,32
45,Басманный,33
45,Басманный,34
45,Басманный,35
45,Басманный,36
45,Басманный,37
45,Басманный,3601
45,Басманный,3602
45,Басманный,3604
45,Басманный,3606
45,Басманный,3607
45,Басманный,3608
45,Басманный,3609
45,Красносельский,49
45,Красносельский,50
45,Красносельский,51
45,Красносельский,52
45,Красносельский,54
45,Красносельский,55
45,Красносельский,56
45,Красносельский,57
45,Мещанский,59
45,Мещанский,60
45,Мещанский,61
45,Мещанский,62
45,Мещанский,63
45,Мещанский,64
45,Мещанский,65
45,Мещанский,66
45,Мещанский,67
45,Мещанский,68
45,Мещанский,69
45,Мещанский,70
45,Мещанский,71
45,Мещанский,72
45,Мещанский,3613
45,Мещанский,3614
