id,mandate,district,uik,violations
0,1,Силино,3258,0
1,1,Силино,3259,0
2,1,Силино,3260,0
3,1,Силино,3261,0
4,1,Силино,3262,0
5,1,Силино,3263,0
6,1,Силино,3264,0
7,1,Силино,3265,0
8,1,Силино,3266,0
9,1,Силино,3267,0
10,1,Силино,3268,0
11,1,Силино,3269,0
12,1,Силино,3270,0
13,1,Силино,3271,0
14,1,Силино,3272,0
15,1,Силино,3273,0
16,1,Силино,3274,0
17,1,Силино,3275,0
18,1,Силино,3276,0
19,1,Силино,3277,0
20,1,Силино,3278,0
21,1,Силино,3279,0
22,1,Силино,3280,0
23,1,Силино,3281,0
24,1,Силино,3282,0
25,1,Силино,3792,0
26,1,Крюково,3172,0
27,1,Крюково,3173,0
28,1,Крюково,3174,0
29,1,Крюково,3175,0
30,1,Крюково,3176,0
31,1,Крюково,3177,0
32,1,Крюково,3178,0
33,1,Крюково,3179,0
34,1,Крюково,3180,0
35,1,Крюково,3181,0
36,1,Крюково,3182,0
37,1,Крюково,3183,0
38,1,Крюково,3184,0
39,1,Крюково,3185,0
40,1,Крюково,3186,0
41,1,Крюково,3187,0
42,1,Крюково,3188,0
43,1,Крюково,3189,0
44,1,Крюково,3190,0
45,1,Крюково,3191,0
46,1,Крюково,3192,0
47,1,Крюково,3193,0
48,1,Крюково,3194,0
49,1,Крюково,3195,0
50,1,Крюково,3196,0
51,1,Крюково,3197,0
52,1,Крюково,3198,0
53,1,Крюково,3199,0
54,1,Крюково,3200,0
55,1,Крюково,3201,0
56,1,Крюково,3202,0
57,1,Крюково,3203,0
58,1,Крюково,3204,0
59,1,Крюково,3205,0
60,1,Крюково,3206,0
61,1,Крюково,3207,0
62,1,Крюково,3208,0
63,1,Крюково,3209,0
64,1,Крюково,3210,0
65,1,Крюково,3211,0
66,1,Крюково,3212,0
67,1,Крюково,3213,0
68,1,Крюково,5001,0
69,1,Старое Крюково,3283,0
70,1,Старое Крюково,3284,0
71,1,Старое Крюково,3285,0
72,1,Старое Крюково,3286,0
73,1,Старое Крюково,3287,0
74,1,Старое Крюково,3288,0
75,1,Старое Крюково,3289,0
76,1,Старое Крюково,3290,0
77,1,Старое Крюково,3291,0
78,1,Старое Крюково,3292,0
79,1,Старое Крюково,3293,0
80,1,Старое Крюково,3294,0
81,1,Старое Крюково,3295,0
82,1,Старое Крюково,3296,0
83,1,Старое Крюково,3297,0
84,1,Старое Крюково,3298,0
85,1,Матушкино,3214,0
86,1,Матушкино,3215,0
87,1,Матушкино,3216,0
88,1,Матушкино,3217,0
89,1,Матушкино,3218,0
90,1,Матушкино,3219,0
91,1,Матушкино,3220,0
92,1,Матушкино,3221,0
93,1,Матушкино,3222,0
94,1,Матушкино,3223,0
95,1,Матушкино,3224,1
96,1,Матушкино,3225,0
97,1,Матушкино,3226,0
98,1,Матушкино,3227,0
99,1,Матушкино,3228,0
100,1,Матушкино,3229,0
101,1,Матушкино,3230,0
102,1,Матушкино,3231,0
103,1,Матушкино,3232,0
104,1,Матушкино,3233,0
105,1,Матушкино,3234,0
106,1,Матушкино,3235,0
107,1,Матушкино,3236,0
108,1,Матушкино,3237,0
109,1,Савелки,3238,0
110,1,Савелки,3239,0
111,1,Савелки,3240,0
112,1,Савелки,3241,0
113,1,Савелки,3242,0
114,1,Савелки,3243,1
115,1,Савелки,3244,0
116,1,Савелки,3245,0
117,1,Савелки,3246,0
118,1,Савелки,3247,0
119,1,Савелки,3248,0
120,1,Савелки,3249,0
121,1,Савелки,3250,0
122,1,Савелки,3251,0
123,1,Савелки,3252,0
124,1,Савелки,3253,0
125,1,Савелки,3254,0
126,1,Савелки,3255,0
127,1,Савелки,3256,0
128,1,Савелки,3257,0
129,1,Савелки,3791,0
130,2,Молжаниновский,389,1
131,2,Молжаниновский,3416,0
132,2,Молжаниновский,3438,0
133,2,Молжаниновский,3451,0
134,2,Куркино,2905,0
135,2,Куркино,2906,0
136,2,Куркино,2907,0
137,2,Куркино,2908,0
138,2,Куркино,2909,0
139,2,Куркино,2910,0
140,2,Куркино,2911,0
141,2,Куркино,2912,0
142,2,Куркино,2913,0
143,2,Куркино,3768,0
144,2,Северное Тушино,2980,0
145,2,Северное Тушино,2981,1
146,2,Северное Тушино,2982,0
147,2,Северное Тушино,2983,0
148,2,Северное Тушино,2984,0
149,2,Северное Тушино,2985,0
150,2,Северное Тушино,2986,0
151,2,Северное Тушино,2987,0
152,2,Северное Тушино,2988,0
153,2,Северное Тушино,2989,0
154,2,Северное Тушино,2990,0
155,2,Северное Тушино,2991,0
156,2,Северное Тушино,2992,0
157,2,Северное Тушино,2993,0
158,2,Северное Тушино,2994,0
159,2,Северное Тушино,2995,0
160,2,Северное Тушино,2996,0
161,2,Северное Тушино,2997,0
162,2,Северное Тушино,2998,0
163,2,Северное Тушино,2999,0
164,2,Северное Тушино,3000,0
165,2,Северное Тушино,3001,0
166,2,Северное Тушино,3002,0
167,2,Северное Тушино,3003,0
168,2,Северное Тушино,3004,0
169,2,Северное Тушино,3005,0
170,2,Северное Тушино,3006,0
171,2,Северное Тушино,3007,0
172,2,Северное Тушино,3008,0
173,2,Северное Тушино,3009,0
174,2,Северное Тушино,3010,0
175,2,Северное Тушино,3011,0
176,2,Северное Тушино,3012,0
177,2,Северное Тушино,3013,0
178,2,Северное Тушино,3014,0
179,2,Северное Тушино,3015,0
180,2,Северное Тушино,3016,0
181,2,Северное Тушино,3017,0
182,2,Северное Тушино,3018,0
183,2,Северное Тушино,3019,0
184,2,Северное Тушино,3776,0
185,2,Южное Тушино,3140,0
186,2,Южное Тушино,3141,0
187,2,Южное Тушино,3142,0
188,2,Южное Тушино,3143,0
189,2,Южное Тушино,3144,0
190,2,Южное Тушино,3145,0
191,2,Южное Тушино,3146,1
192,2,Южное Тушино,3147,0
193,2,Южное Тушино,3148,0
194,2,Южное Тушино,3149,0
195,2,Южное Тушино,3150,0
196,2,Южное Тушино,3151,0
197,2,Южное Тушино,3152,0
198,2,Южное Тушино,3153,0
199,2,Южное Тушино,3154,0
200,2,Южное Тушино,3155,0
201,2,Южное Тушино,3156,0
202,2,Южное Тушино,3157,1
203,2,Южное Тушино,3158,0
204,2,Южное Тушино,3159,0
205,2,Южное Тушино,3160,0
206,2,Южное Тушино,3161,0
207,2,Южное Тушино,3162,0
208,2,Южное Тушино,3163,0
209,2,Южное Тушино,3164,0
210,2,Южное Тушино,3165,0
211,2,Южное Тушино,3166,0
212,2,Южное Тушино,3167,0
213,2,Южное Тушино,3168,0
214,2,Южное Тушино,3169,0
215,2,Южное Тушино,3170,0
216,2,Южное Тушино,3171,0
217,2,Южное Тушино,3790,0
218,3,Митино,2914,0
219,3,Митино,2915,0
220,3,Митино,2916,0
221,3,Митино,2917,0
222,3,Митино,2918,0
223,3,Митино,2919,0
224,3,Митино,2920,0
225,3,Митино,2921,0
226,3,Митино,2922,0
227,3,Митино,2923,0
228,3,Митино,2924,0
229,3,Митино,2925,0
230,3,Митино,2926,0
231,3,Митино,2927,0
232,3,Митино,2928,0
233,3,Митино,2929,0
234,3,Митино,2930,0
235,3,Митино,2931,0
236,3,Митино,2932,0
237,3,Митино,2933,0
238,3,Митино,2934,0
239,3,Митино,2935,0
240,3,Митино,2936,0
241,3,Митино,2937,0
242,3,Митино,2938,0
243,3,Митино,2939,0
244,3,Митино,2940,0
245,3,Митино,2941,0
246,3,Митино,2942,0
247,3,Митино,2943,0
248,3,Митино,2944,0
249,3,Митино,2945,0
250,3,Митино,2946,0
251,3,Митино,2947,0
252,3,Митино,2948,0
253,3,Митино,2949,0
254,3,Митино,2950,0
255,3,Митино,2951,0
256,3,Митино,2952,0
257,3,Митино,2953,0
258,3,Митино,2954,0
259,3,Митино,2955,0
260,3,Митино,2956,0
261,3,Митино,2957,0
262,3,Митино,2958,0
263,3,Митино,2959,0
264,3,Митино,2960,0
265,3,Митино,2961,0
266,3,Митино,2962,0
267,3,Митино,2963,0
268,3,Митино,3456,0
269,3,Покровское-Стрешнево,2964,0
270,3,Покровское-Стрешнево,2965,0
271,3,Покровское-Стрешнево,2966,0
272,3,Покровское-Стрешнево,2967,0
273,3,Покровское-Стрешнево,2968,0
274,3,Покровское-Стрешнево,2969,0
275,3,Покровское-Стрешнево,2970,0
276,3,Покровское-Стрешнево,2971,0
277,3,Покровское-Стрешнево,2972,0
278,3,Покровское-Стрешнево,2973,0
279,3,Покровское-Стрешнево,2974,0
280,3,Покровское-Стрешнево,2975,0
281,3,Покровское-Стрешнево,2976,0
282,3,Покровское-Стрешнево,2977,0
283,3,Покровское-Стрешнево,2978,0
284,3,Покровское-Стрешнево,2979,0
285,3,Покровское-Стрешнево,3769,0
286,3,Покровское-Стрешнево,3770,0
287,3,Покровское-Стрешнево,3771,0
288,3,Покровское-Стрешнево,3772,0
289,3,Покровское-Стрешнево,3774,0
290,3,Покровское-Стрешнево,3775,0
291,3,Щукино,3125,0
292,3,Щукино,3126,0
293,3,Щукино,3127,0
294,3,Щукино,3128,0
295,3,Щукино,3129,0
296,3,Щукино,3130,0
297,3,Щукино,3131,0
298,3,Щукино,3132,0
299,3,Щукино,3133,0
300,3,Щукино,3134,0
301,3,Щукино,3135,0
302,3,Щукино,3137,0
303,3,Щукино,3138,0
304,3,Щукино,3139,0
305,3,Щукино,3782,0
306,3,Щукино,3783,0
307,3,Щукино,3784,0
308,3,Щукино,3785,0
309,3,Щукино,3787,0
310,4,Крылатское,2569,0
311,4,Крылатское,2570,0
312,4,Крылатское,2571,0
313,4,Крылатское,2572,1
314,4,Крылатское,2573,0
315,4,Крылатское,2574,0
316,4,Крылатское,2575,0
317,4,Крылатское,2576,0
318,4,Крылатское,2577,0
319,4,Крылатское,2578,0
320,4,Крылатское,2579,0
321,4,Крылатское,2580,1
322,4,Крылатское,2581,0
323,4,Крылатское,2582,0
324,4,Крылатское,2583,0
325,4,Крылатское,2584,0
326,4,Крылатское,2585,0
327,4,Крылатское,2586,0
328,4,Крылатское,2587,1
329,4,Крылатское,2588,0
330,4,Крылатское,2589,0
331,4,Крылатское,2590,0
332,4,Кунцево,2596,0
333,4,Кунцево,2597,0
334,4,Кунцево,2598,0
335,4,Кунцево,2616,0
336,4,Кунцево,2617,0
337,4,Кунцево,2618,0
338,4,Кунцево,2619,0
339,4,Кунцево,2620,0
340,4,Кунцево,2621,0
341,4,Кунцево,2622,0
342,4,Кунцево,2623,0
343,4,Кунцево,2624,0
344,4,Кунцево,2625,0
345,4,Кунцево,2629,0
346,4,Кунцево,3753,0
347,4,Строгино,3020,0
348,4,Строгино,3021,0
349,4,Строгино,3022,0
350,4,Строгино,3023,0
351,4,Строгино,3024,0
352,4,Строгино,3025,0
353,4,Строгино,3026,0
354,4,Строгино,3027,0
355,4,Строгино,3028,0
356,4,Строгино,3029,0
357,4,Строгино,3030,0
358,4,Строгино,3031,0
359,4,Строгино,3032,0
360,4,Строгино,3033,0
361,4,Строгино,3034,0
362,4,Строгино,3035,0
363,4,Строгино,3036,0
364,4,Строгино,3037,0
365,4,Строгино,3038,0
366,4,Строгино,3039,0
367,4,Строгино,3040,0
368,4,Строгино,3041,0
369,4,Строгино,3042,0
370,4,Строгино,3043,0
371,4,Строгино,3044,0
372,4,Строгино,3045,0
373,4,Строгино,3046,0
374,4,Строгино,3047,0
375,4,Строгино,3048,0
376,4,Строгино,3049,0
377,4,Строгино,3050,0
378,4,Строгино,3051,0
379,4,Строгино,3052,0
380,4,Строгино,3053,0
381,4,Строгино,3054,0
382,4,Строгино,3055,0
383,4,Строгино,3056,0
384,4,Строгино,3057,0
385,4,Строгино,3058,0
386,4,Строгино,3059,0
387,4,Строгино,3060,0
388,4,Строгино,3061,0
389,4,Строгино,3062,0
390,4,Строгино,3063,0
391,4,Строгино,3064,0
392,5,Филевский парк,2852,1
393,5,Филевский парк,2853,0
394,5,Филевский парк,2854,0
395,5,Филевский парк,2855,0
396,5,Филевский парк,2856,1
397,5,Филевский парк,2857,0
398,5,Филевский парк,2858,0
399,5,Филевский парк,2859,0
400,5,Филевский парк,2860,0
401,5,Филевский парк,2861,0
402,5,Филевский парк,2862,0
403,5,Филевский парк,2863,0
404,5,Филевский парк,2864,0
405,5,Филевский парк,2865,0
406,5,Филевский парк,2866,0
407,5,Филевский парк,2867,0
408,5,Филевский парк,2868,0
409,5,Филевский парк,2869,0
410,5,Филевский парк,2870,0
411,5,Филевский парк,2871,1
412,5,Филевский парк,2872,0
413,5,Филевский парк,2873,0
414,5,Филевский парк,2874,0
415,5,Филевский парк,2875,2
416,5,Филевский парк,3766,0
417,5,Хорошево-Мневники,3065,0
418,5,Хорошево-Мневники,3066,0
419,5,Хорошево-Мневники,3067,0
420,5,Хорошево-Мневники,3068,0
421,5,Хорошево-Мневники,3069,0
422,5,Хорошево-Мневники,3070,0
423,5,Хорошево-Мневники,3071,0
424,5,Хорошево-Мневники,3072,0
425,5,Хорошево-Мневники,3073,0
426,5,Хорошево-Мневники,3074,0
427,5,Хорошево-Мневники,3075,0
428,5,Хорошево-Мневники,3076,0
429,5,Хорошево-Мневники,3077,0
430,5,Хорошево-Мневники,3078,0
431,5,Хорошево-Мневники,3079,0
432,5,Хорошево-Мневники,3080,0
433,5,Хорошево-Мневники,3081,0
434,5,Хорошево-Мневники,3082,0
435,5,Хорошево-Мневники,3083,0
436,5,Хорошево-Мневники,3084,0
437,5,Хорошево-Мневники,3085,0
438,5,Хорошево-Мневники,3086,0
439,5,Хорошево-Мневники,3087,0
440,5,Хорошево-Мневники,3088,0
441,5,Хорошево-Мневники,3089,1
442,5,Хорошево-Мневники,3090,1
443,5,Хорошево-Мневники,3091,0
444,5,Хорошево-Мневники,3092,0
445,5,Хорошево-Мневники,3093,0
446,5,Хорошево-Мневники,3094,0
447,5,Хорошево-Мневники,3095,0
448,5,Хорошево-Мневники,3096,0
449,5,Хорошево-Мневники,3097,0
450,5,Хорошево-Мневники,3098,0
451,5,Хорошево-Мневники,3099,0
452,5,Хорошево-Мневники,3100,0
453,5,Хорошево-Мневники,3101,0
454,5,Хорошево-Мневники,3102,0
455,5,Хорошево-Мневники,3103,0
456,5,Хорошево-Мневники,3104,0
457,5,Хорошево-Мневники,3105,0
458,5,Хорошево-Мневники,3106,0
459,5,Хорошево-Мневники,3107,0
460,5,Хорошево-Мневники,3108,0
461,5,Хорошево-Мневники,3109,0
462,5,Хорошево-Мневники,3110,0
463,5,Хорошево-Мневники,3424,0
464,5,Хорошево-Мневники,3777,0
465,5,Хорошево-Мневники,3778,0
466,5,Хорошево-Мневники,3779,0
467,5,Щукино,3111,0
468,5,Щукино,3112,0
469,5,Щукино,3113,0
470,5,Щукино,3114,1
471,5,Щукино,3115,0
472,5,Щукино,3116,0
473,5,Щукино,3117,0
474,5,Щукино,3118,0
475,5,Щукино,3119,0
476,5,Щукино,3120,0
477,5,Щукино,3121,0
478,5,Щукино,3122,0
479,5,Щукино,3123,0
480,5,Щукино,3124,0
481,5,Щукино,3136,0
482,5,Щукино,3780,0
483,5,Щукино,3781,0
484,5,Щукино,3786,0
485,5,Щукино,3788,0
486,5,Щукино,3798,0
487,6,Головинский,281,0
488,6,Головинский,282,0
489,6,Головинский,283,0
490,6,Головинский,284,0
491,6,Головинский,285,0
492,6,Головинский,286,0
493,6,Головинский,287,0
494,6,Головинский,288,0
495,6,Головинский,289,0
496,6,Головинский,290,0
497,6,Головинский,291,0
498,6,Головинский,292,0
499,6,Головинский,293,0
500,6,Головинский,294,0
501,6,Головинский,295,0
502,6,Головинский,296,0
503,6,Головинский,297,0
504,6,Головинский,298,0
505,6,Головинский,299,0
506,6,Головинский,300,0
507,6,Головинский,301,0
508,6,Головинский,302,0
509,6,Головинский,303,0
510,6,Головинский,304,0
511,6,Головинский,305,0
512,6,Головинский,306,0
513,6,Западное Дегунино,342,0
514,6,Западное Дегунино,343,0
515,6,Западное Дегунино,344,1
516,6,Западное Дегунино,345,0
517,6,Западное Дегунино,346,0
518,6,Западное Дегунино,347,0
519,6,Западное Дегунино,348,0
520,6,Западное Дегунино,349,0
521,6,Западное Дегунино,350,0
522,6,Западное Дегунино,3450,0
523,6,Левобережный,375,0
524,6,Левобережный,376,0
525,6,Левобережный,377,1
526,6,Левобережный,378,0
527,6,Левобережный,379,0
528,6,Левобережный,380,0
529,6,Левобережный,381,0
530,6,Левобережный,382,0
531,6,Левобережный,383,0
532,6,Левобережный,384,0
533,6,Левобережный,385,0
534,6,Левобережный,386,0
535,6,Левобережный,387,0
536,6,Левобережный,388,0
537,6,Левобережный,3647,0
538,6,Ховрино,440,0
539,6,Ховрино,441,0
540,6,Ховрино,442,0
541,6,Ховрино,443,1
542,6,Ховрино,444,0
543,6,Ховрино,445,0
544,6,Ховрино,446,0
545,6,Ховрино,447,0
546,6,Ховрино,448,0
547,6,Ховрино,449,0
548,6,Ховрино,450,0
549,6,Ховрино,451,2
550,6,Ховрино,452,0
551,6,Ховрино,453,0
552,6,Ховрино,454,0
553,6,Ховрино,455,0
554,6,Ховрино,456,0
555,6,Ховрино,457,0
556,6,Ховрино,458,0
557,6,Ховрино,459,0
558,6,Ховрино,460,0
559,6,Ховрино,3439,0
560,6,Ховрино,3452,0
561,7,Бескудниковский,219,0
562,7,Бескудниковский,220,0
563,7,Бескудниковский,221,0
564,7,Бескудниковский,222,2
565,7,Бескудниковский,223,0
566,7,Бескудниковский,224,0
567,7,Бескудниковский,225,0
568,7,Бескудниковский,226,0
569,7,Бескудниковский,227,0
570,7,Бескудниковский,228,0
571,7,Бескудниковский,229,0
572,7,Бескудниковский,3449,0
573,7,Бескудниковский,3639,0
574,7,Восточное Дегунино,257,1
575,7,Восточное Дегунино,258,0
576,7,Восточное Дегунино,259,0
577,7,Восточное Дегунино,260,0
578,7,Восточное Дегунино,261,0
579,7,Восточное Дегунино,262,0
580,7,Восточное Дегунино,263,0
581,7,Восточное Дегунино,264,0
582,7,Восточное Дегунино,265,0
583,7,Восточное Дегунино,266,0
584,7,Восточное Дегунино,267,0
585,7,Восточное Дегунино,268,0
586,7,Восточное Дегунино,269,0
587,7,Восточное Дегунино,270,0
588,7,Восточное Дегунино,271,0
589,7,Восточное Дегунино,272,0
590,7,Восточное Дегунино,273,0
591,7,Восточное Дегунино,274,0
592,7,Восточное Дегунино,275,0
593,7,Восточное Дегунино,276,0
594,7,Восточное Дегунино,277,0
595,7,Восточное Дегунино,278,0
596,7,Восточное Дегунино,279,0
597,7,Восточное Дегунино,280,0
598,7,Дмитровский,307,0
599,7,Дмитровский,308,0
600,7,Дмитровский,309,0
601,7,Дмитровский,310,0
602,7,Дмитровский,311,0
603,7,Дмитровский,312,0
604,7,Дмитровский,313,0
605,7,Дмитровский,314,0
606,7,Дмитровский,315,0
607,7,Дмитровский,316,0
608,7,Дмитровский,317,2
609,7,Дмитровский,318,0
610,7,Дмитровский,319,0
611,7,Дмитровский,320,0
612,7,Дмитровский,321,0
613,7,Дмитровский,322,0
614,7,Дмитровский,323,0
615,7,Дмитровский,324,0
616,7,Дмитровский,325,0
617,7,Дмитровский,326,0
618,7,Дмитровский,327,0
619,7,Дмитровский,328,0
620,7,Дмитровский,3642,0
621,7,Западное Дегунино,329,0
622,7,Западное Дегунино,330,0
623,7,Западное Дегунино,331,0
624,7,Западное Дегунино,332,0
625,7,Западное Дегунино,333,0
626,7,Западное Дегунино,334,0
627,7,Западное Дегунино,335,0
628,7,Западное Дегунино,336,0
629,7,Западное Дегунино,337,0
630,7,Западное Дегунино,338,0
631,7,Западное Дегунино,339,0
632,7,Западное Дегунино,340,0
633,7,Западное Дегунино,341,0
634,7,Западное Дегунино,3643,0
635,8,Аэропорт,188,0
636,8,Аэропорт,189,0
637,8,Аэропорт,190,1
638,8,Аэропорт,191,1
639,8,Аэропорт,192,0
640,8,Аэропорт,193,0
641,8,Аэропорт,194,0
642,8,Аэропорт,195,0
643,8,Аэропорт,196,0
644,8,Аэропорт,197,0
645,8,Аэропорт,198,0
646,8,Аэропорт,199,0
647,8,Аэропорт,200,1
648,8,Аэропорт,201,0
649,8,Аэропорт,202,0
650,8,Аэропорт,203,0
651,8,Аэропорт,204,0
652,8,Аэропорт,205,0
653,8,Аэропорт,206,0
654,8,Аэропорт,3634,0
655,8,Аэропорт,3635,0
656,8,Войковский,239,0
657,8,Войковский,240,0
658,8,Войковский,241,2
659,8,Войковский,242,2
660,8,Войковский,243,0
661,8,Войковский,244,1
662,8,Войковский,245,0
663,8,Войковский,246,0
664,8,Войковский,247,0
665,8,Войковский,248,0
666,8,Войковский,249,0
667,8,Войковский,250,0
668,8,Войковский,251,0
669,8,Войковский,252,0
670,8,Войковский,253,0
671,8,Войковский,254,0
672,8,Войковский,255,0
673,8,Войковский,256,0
674,8,Войковский,3437,0
675,8,Войковский,3641,0
676,8,Коптево,351,0
677,8,Коптево,352,0
678,8,Коптево,353,0
679,8,Коптево,354,0
680,8,Коптево,355,0
681,8,Коптево,356,2
682,8,Коптево,357,0
683,8,Коптево,358,1
684,8,Коптево,359,0
685,8,Коптево,360,0
686,8,Коптево,361,0
687,8,Коптево,362,1
688,8,Коптево,363,0
689,8,Коптево,364,0
690,8,Коптево,365,0
691,8,Коптево,366,0
692,8,Коптево,367,0
693,8,Коптево,368,0
694,8,Коптево,369,0
695,8,Коптево,370,2
696,8,Коптево,371,0
697,8,Коптево,372,0
698,8,Коптево,373,1
699,8,Коптево,374,0
700,8,Коптево,3644,0
701,8,Коптево,3645,0
702,8,Коптево,3646,0
703,8,Сокол,405,1
704,8,Сокол,406,0
705,8,Сокол,407,0
706,8,Сокол,408,2
707,8,Сокол,409,0
708,8,Сокол,410,0
709,8,Сокол,411,0
710,8,Сокол,412,0
711,8,Сокол,413,0
712,8,Сокол,414,0
713,8,Сокол,415,0
714,8,Сокол,416,0
715,8,Сокол,417,0
716,8,Сокол,418,0
717,8,Сокол,3651,0
718,9,Беговой,207,1
719,9,Беговой,208,0
720,9,Беговой,209,0
721,9,Беговой,210,0
722,9,Беговой,211,0
723,9,Беговой,212,0
724,9,Беговой,213,0
725,9,Беговой,214,0
726,9,Беговой,215,0
727,9,Беговой,216,0
728,9,Беговой,217,0
729,9,Беговой,3636,0
730,9,Беговой,3637,0
731,9,Бескудниковский,218,0
732,9,Бескудниковский,230,0
733,9,Бескудниковский,231,0
734,9,Бескудниковский,232,0
735,9,Бескудниковский,233,0
736,9,Бескудниковский,234,0
737,9,Бескудниковский,235,0
738,9,Бескудниковский,236,0
739,9,Бескудниковский,237,0
740,9,Бескудниковский,238,0
741,9,Бескудниковский,3640,0
742,9,Савеловский,390,0
743,9,Савеловский,391,0
744,9,Савеловский,392,0
745,9,Савеловский,393,0
746,9,Савеловский,394,0
747,9,Савеловский,395,0
748,9,Савеловский,396,0
749,9,Савеловский,397,0
750,9,Савеловский,398,0
751,9,Савеловский,399,0
752,9,Савеловский,400,0
753,9,Савеловский,401,0
754,9,Савеловский,402,1
755,9,Савеловский,403,0
756,9,Савеловский,404,0
757,9,Савеловский,3649,0
758,9,Савеловский,3650,0
759,9,Тимирязевский,419,0
760,9,Тимирязевский,420,0
761,9,Тимирязевский,421,0
762,9,Тимирязевский,422,0
763,9,Тимирязевский,423,0
764,9,Тимирязевский,424,0
765,9,Тимирязевский,425,0
766,9,Тимирязевский,426,0
767,9,Тимирязевский,427,1
768,9,Тимирязевский,428,0
769,9,Тимирязевский,429,0
770,9,Тимирязевский,430,0
771,9,Тимирязевский,431,0
772,9,Тимирязевский,432,0
773,9,Тимирязевский,433,0
774,9,Тимирязевский,434,0
775,9,Тимирязевский,435,0
776,9,Тимирязевский,436,0
777,9,Тимирязевский,437,0
778,9,Тимирязевский,438,0
779,9,Тимирязевский,439,0
780,9,Тимирязевский,3653,0
781,9,Хорошевский,461,0
782,9,Хорошевский,462,0
783,9,Хорошевский,463,0
784,9,Хорошевский,464,0
785,9,Хорошевский,465,0
786,9,Хорошевский,466,0
787,9,Хорошевский,467,0
788,9,Хорошевский,468,0
789,9,Хорошевский,469,0
790,9,Хорошевский,470,0
791,9,Хорошевский,471,0
792,9,Хорошевский,472,0
793,9,Хорошевский,473,0
794,9,Хорошевский,474,0
795,9,Хорошевский,475,1
796,9,Хорошевский,476,0
797,9,Хорошевский,477,0
798,9,Хорошевский,478,0
799,9,Хорошевский,479,0
800,9,Хорошевский,3417,0
801,10,Бибирево,539,0
802,10,Бибирево,540,0
803,10,Бибирево,541,0
804,10,Бибирево,542,0
805,10,Бибирево,543,0
806,10,Бибирево,544,0
807,10,Бибирево,545,0
808,10,Бибирево,546,0
809,10,Бибирево,547,0
810,10,Бибирево,548,0
811,10,Бибирево,549,0
812,10,Бибирево,550,0
813,10,Бибирево,551,0
814,10,Бибирево,552,0
815,10,Бибирево,553,0
816,10,Бибирево,554,0
817,10,Бибирево,555,0
818,10,Бибирево,556,0
819,10,Бибирево,557,0
820,10,Бибирево,558,0
821,10,Бибирево,559,0
822,10,Бибирево,560,0
823,10,Бибирево,561,0
824,10,Бибирево,562,0
825,10,Бибирево,563,0
826,10,Бибирево,564,0
827,10,Бибирево,565,0
828,10,Бибирево,566,0
829,10,Бибирево,567,0
830,10,Бибирево,568,0
831,10,Бибирево,569,0
832,10,Бибирево,570,0
833,10,Бибирево,571,0
834,10,Бибирево,572,0
835,10,Бибирево,573,0
836,10,Бибирево,574,0
837,10,Бибирево,575,0
838,10,Бибирево,576,1
839,10,Бибирево,577,0
840,10,Бибирево,578,0
841,10,Бибирево,579,0
842,10,Бибирево,580,0
843,10,Бибирево,581,0
844,10,Бибирево,3657,0
845,10,Бибирево,5002,1
846,10,Лианозово,599,0
847,10,Лианозово,600,0
848,10,Лианозово,601,0
849,10,Лианозово,602,0
850,10,Лианозово,603,0
851,10,Лианозово,604,0
852,10,Лианозово,605,0
853,10,Лианозово,606,0
854,10,Лианозово,607,0
855,10,Лианозово,608,0
856,10,Лианозово,609,0
857,10,Лианозово,610,0
858,10,Лианозово,611,0
859,10,Лианозово,612,0
860,10,Лианозово,613,0
861,10,Лианозово,614,0
862,10,Лианозово,615,0
863,10,Лианозово,616,0
864,10,Лианозово,617,0
865,10,Лианозово,618,0
866,10,Лианозово,619,1
867,10,Лианозово,620,0
868,10,Лианозово,621,0
869,10,Северный,798,0
870,10,Северный,799,0
871,10,Северный,800,0
872,10,Северный,801,0
873,10,Северный,802,0
874,10,Северный,803,0
875,10,Северный,804,0
876,10,Северный,805,0
877,10,Северный,806,0
878,10,Северный,3454,0
879,11,Алтуфьевский,500,0
880,11,Алтуфьевский,501,0
881,11,Алтуфьевский,502,0
882,11,Алтуфьевский,503,0
883,11,Алтуфьевский,504,0
884,11,Алтуфьевский,505,0
885,11,Алтуфьевский,506,0
886,11,Алтуфьевский,507,0
887,11,Алтуфьевский,508,0
888,11,Алтуфьевский,509,0
889,11,Алтуфьевский,510,0
890,11,Алтуфьевский,511,0
891,11,Алтуфьевский,512,0
892,11,Алтуфьевский,513,0
893,11,Марфино,644,1
894,11,Марфино,645,0
895,11,Марфино,646,0
896,11,Марфино,647,0
897,11,Марфино,648,0
898,11,Марфино,649,0
899,11,Марфино,650,0
900,11,Марфино,651,0
901,11,Марфино,3434,0
902,11,Отрадное,688,1
903,11,Отрадное,689,0
904,11,Отрадное,690,0
905,11,Отрадное,691,0
906,11,Отрадное,692,1
907,11,Отрадное,693,0
908,11,Отрадное,694,0
909,11,Отрадное,695,0
910,11,Отрадное,696,0
911,11,Отрадное,697,0
912,11,Отрадное,698,1
913,11,Отрадное,699,0
914,11,Отрадное,700,0
915,11,Отрадное,701,0
916,11,Отрадное,702,0
917,11,Отрадное,703,0
918,11,Отрадное,704,0
919,11,Отрадное,705,0
920,11,Отрадное,706,0
921,11,Отрадное,707,0
922,11,Отрадное,708,0
923,11,Отрадное,709,0
924,11,Отрадное,710,1
925,11,Отрадное,711,0
926,11,Отрадное,712,0
927,11,Отрадное,713,0
928,11,Отрадное,714,0
929,11,Отрадное,715,0
930,11,Отрадное,716,0
931,11,Отрадное,717,0
932,11,Отрадное,718,0
933,11,Отрадное,719,0
934,11,Отрадное,720,0
935,11,Отрадное,721,0
936,11,Отрадное,722,0
937,11,Отрадное,723,0
938,11,Отрадное,724,0
939,11,Отрадное,725,0
940,11,Отрадное,726,0
941,11,Отрадное,727,0
942,11,Отрадное,728,0
943,11,Отрадное,729,0
944,11,Отрадное,730,0
945,11,Отрадное,731,0
946,11,Отрадное,732,0
947,11,Отрадное,733,0
948,11,Отрадное,734,0
949,11,Отрадное,735,0
950,11,Отрадное,736,0
951,11,Отрадное,737,0
952,11,Отрадное,738,0
953,11,Отрадное,739,0
954,11,Отрадное,740,0
955,12,Свиблово,753,0
956,12,Свиблово,754,0
957,12,Свиблово,755,0
958,12,Свиблово,756,0
959,12,Свиблово,757,0
960,12,Свиблово,758,0
961,12,Свиблово,759,0
962,12,Свиблово,760,0
963,12,Свиблово,761,0
964,12,Свиблово,762,0
965,12,Свиблово,763,0
966,12,Свиблово,764,0
967,12,Свиблово,765,0
968,12,Свиблово,766,0
969,12,Свиблово,3453,0
970,12,Северное Медведково,767,0
971,12,Северное Медведково,768,0
972,12,Северное Медведково,769,1
973,12,Северное Медведково,770,0
974,12,Северное Медведково,771,0
975,12,Северное Медведково,772,0
976,12,Северное Медведково,773,0
977,12,Северное Медведково,774,0
978,12,Северное Медведково,775,0
979,12,Северное Медведково,776,0
980,12,Северное Медведково,777,0
981,12,Северное Медведково,779,0
982,12,Северное Медведково,780,0
983,12,Северное Медведково,781,0
984,12,Северное Медведково,782,0
985,12,Северное Медведково,783,0
986,12,Северное Медведково,784,0
987,12,Северное Медведково,785,4
988,12,Северное Медведково,786,1
989,12,Северное Медведково,787,0
990,12,Северное Медведково,788,2
991,12,Северное Медведково,789,0
992,12,Северное Медведково,790,0
993,12,Северное Медведково,791,0
994,12,Северное Медведково,792,0
995,12,Северное Медведково,793,0
996,12,Северное Медведково,794,0
997,12,Северное Медведково,795,0
998,12,Северное Медведково,796,0
999,12,Северное Медведково,797,0
1000,12,Южное Медведково,807,0
1001,12,Южное Медведково,808,0
1002,12,Южное Медведково,809,1
1003,12,Южное Медведково,810,0
1004,12,Южное Медведково,811,0
1005,12,Южное Медведково,812,0
1006,12,Южное Медведково,813,0
1007,12,Южное Медведково,814,0
1008,12,Южное Медведково,815,0
1009,12,Южное Медведково,816,0
1010,12,Южное Медведково,817,0
1011,12,Южное Медведково,818,0
1012,12,Южное Медведково,819,0
1013,12,Южное Медведково,820,0
1014,12,Южное Медведково,821,0
1015,12,Южное Медведково,822,0
1016,12,Южное Медведково,823,0
1017,12,Южное Медведково,824,0
1018,12,Южное Медведково,825,0
1019,12,Южное Медведково,826,1
1020,12,Южное Медведково,3665,0
1021,13,Бабушкинский,514,0
1022,13,Бабушкинский,515,0
1023,13,Бабушкинский,516,0
1024,13,Бабушкинский,517,0
1025,13,Бабушкинский,518,0
1026,13,Бабушкинский,519,0
1027,13,Бабушкинский,520,0
1028,13,Бабушкинский,521,0
1029,13,Бабушкинский,522,0
1030,13,Бабушкинский,523,0
1031,13,Бабушкинский,524,0
1032,13,Бабушкинский,525,0
1033,13,Бабушкинский,526,0
1034,13,Бабушкинский,527,0
1035,13,Бабушкинский,528,0
1036,13,Бабушкинский,529,0
1037,13,Бабушкинский,530,0
1038,13,Бабушкинский,531,0
1039,13,Бабушкинский,532,0
1040,13,Бабушкинский,533,0
1041,13,Бабушкинский,534,0
1042,13,Бабушкинский,535,0
1043,13,Бабушкинский,536,0
1044,13,Бабушкинский,537,0
1045,13,Бабушкинский,538,0
1046,13,Бабушкинский,3656,0
1047,13,Лосиноостровский,622,0
1048,13,Лосиноостровский,623,0
1049,13,Лосиноостровский,624,0
1050,13,Лосиноостровский,625,0
1051,13,Лосиноостровский,626,0
1052,13,Лосиноостровский,627,0
1053,13,Лосиноостровский,628,0
1054,13,Лосиноостровский,629,0
1055,13,Лосиноостровский,630,0
1056,13,Лосиноостровский,631,0
1057,13,Лосиноостровский,632,0
1058,13,Лосиноостровский,633,0
1059,13,Лосиноостровский,634,0
1060,13,Лосиноостровский,635,0
1061,13,Лосиноостровский,636,0
1062,13,Лосиноостровский,637,0
1063,13,Лосиноостровский,638,0
1064,13,Лосиноостровский,639,0
1065,13,Лосиноостровский,640,0
1066,13,Лосиноостровский,641,0
1067,13,Лосиноостровский,642,0
1068,13,Лосиноостровский,643,0
1069,13,Лосиноостровский,3659,0
1070,13,Ярославский,827,0
1071,13,Ярославский,828,0
1072,13,Ярославский,829,0
1073,13,Ярославский,830,0
1074,13,Ярославский,831,0
1075,13,Ярославский,832,0
1076,13,Ярославский,833,0
1077,13,Ярославский,834,1
1078,13,Ярославский,835,0
1079,13,Ярославский,836,0
1080,13,Ярославский,837,0
1081,13,Ярославский,838,0
1082,13,Ярославский,839,0
1083,13,Ярославский,840,0
1084,13,Ярославский,841,0
1085,13,Ярославский,842,0
1086,13,Ярославский,843,0
1087,13,Ярославский,844,0
1088,13,Ярославский,845,0
1089,13,Ярославский,846,0
1090,13,Ярославский,847,0
1091,13,Ярославский,848,0
1092,13,Ярославский,849,0
1093,14,Алексеевский,480,0
1094,14,Алексеевский,481,0
1095,14,Алексеевский,482,0
1096,14,Алексеевский,483,0
1097,14,Алексеевский,484,0
1098,14,Алексеевский,485,0
1099,14,Алексеевский,486,0
1100,14,Алексеевский,487,0
1101,14,Алексеевский,488,0
1102,14,Алексеевский,489,0
1103,14,Алексеевский,490,0
1104,14,Алексеевский,491,1
1105,14,Алексеевский,492,0
1106,14,Алексеевский,493,0
1107,14,Алексеевский,494,0
1108,14,Алексеевский,495,0
1109,14,Алексеевский,496,0
1110,14,Алексеевский,497,0
1111,14,Алексеевский,498,0
1112,14,Алексеевский,499,2
1113,14,Алексеевский,3655,0
1114,14,Бутырский,582,0
1115,14,Бутырский,583,1
1116,14,Бутырский,584,0
1117,14,Бутырский,585,0
1118,14,Бутырский,586,0
1119,14,Бутырский,587,0
1120,14,Бутырский,588,0
1121,14,Бутырский,589,0
1122,14,Бутырский,590,0
1123,14,Бутырский,591,0
1124,14,Бутырский,592,0
1125,14,Бутырский,593,0
1126,14,Бутырский,594,0
1127,14,Бутырский,595,0
1128,14,Бутырский,596,0
1129,14,Бутырский,597,0
1130,14,Бутырский,598,0
1131,14,Марьина Роща,653,1
1132,14,Марьина Роща,654,0
1133,14,Марьина Роща,655,0
1134,14,Марьина Роща,656,0
1135,14,Марьина Роща,657,0
1136,14,Марьина Роща,658,0
1137,14,Марьина Роща,659,0
1138,14,Марьина Роща,660,0
1139,14,Марьина Роща,661,1
1140,14,Марьина Роща,662,0
1141,14,Марьина Роща,663,0
1142,14,Марьина Роща,664,0
1143,14,Марьина Роща,665,0
1144,14,Марьина Роща,666,0
1145,14,Марьина Роща,667,0
1146,14,Марьина Роща,668,0
1147,14,Марьина Роща,669,0
1148,14,Марьина Роща,3660,0
1149,14,Марьина Роща,3661,0
1150,14,Останкинский,670,0
1151,14,Останкинский,671,0
1152,14,Останкинский,672,0
1153,14,Останкинский,673,0
1154,14,Останкинский,674,0
1155,14,Останкинский,675,1
1156,14,Останкинский,676,0
1157,14,Останкинский,677,0
1158,14,Останкинский,678,0
1159,14,Останкинский,679,0
1160,14,Останкинский,680,0
1161,14,Останкинский,681,0
1162,14,Останкинский,682,0
1163,14,Останкинский,683,0
1164,14,Останкинский,684,0
1165,14,Останкинский,685,1
1166,14,Останкинский,686,1
1167,14,Останкинский,687,0
1168,14,Ростокино,741,0
1169,14,Ростокино,742,0
1170,14,Ростокино,743,0
1171,14,Ростокино,745,1
1172,14,Ростокино,746,0
1173,14,Ростокино,747,0
1174,14,Ростокино,748,1
1175,14,Ростокино,749,0
1176,14,Ростокино,750,0
1177,14,Ростокино,751,0
1178,14,Ростокино,752,1
1179,14,Ростокино,3662,0
1180,14,Ростокино,3663,0
1181,15,Гольяново,944,1
1182,15,Гольяново,945,0
1183,15,Гольяново,946,0
1184,15,Гольяново,947,0
1185,15,Гольяново,948,0
1186,15,Гольяново,949,1
1187,15,Гольяново,950,0
1188,15,Гольяново,951,0
1189,15,Гольяново,952,0
1190,15,Гольяново,953,0
1191,15,Гольяново,954,0
1192,15,Гольяново,955,0
1193,15,Гольяново,956,0
1194,15,Гольяново,957,0
1195,15,Гольяново,958,0
1196,15,Гольяново,959,0
1197,15,Гольяново,960,0
1198,15,Гольяново,961,0
1199,15,Гольяново,962,0
1200,15,Гольяново,963,0
1201,15,Гольяново,964,0
1202,15,Гольяново,965,0
1203,15,Гольяново,966,0
1204,15,Гольяново,967,0
1205,15,Гольяново,968,0
1206,15,Гольяново,969,0
1207,15,Гольяново,970,0
1208,15,Гольяново,971,0
1209,15,Гольяново,972,0
1210,15,Гольяново,973,0
1211,15,Гольяново,974,0
1212,15,Гольяново,975,0
1213,15,Гольяново,976,0
1214,15,Гольяново,977,0
1215,15,Гольяново,978,0
1216,15,Гольяново,979,0
1217,15,Гольяново,980,0
1218,15,Гольяново,981,0
1219,15,Гольяново,982,0
1220,15,Гольяново,983,0
1221,15,Гольяново,984,0
1222,15,Гольяново,985,0
1223,15,Гольяново,986,0
1224,15,Гольяново,987,0
1225,15,Гольяново,988,0
1226,15,Гольяново,989,0
1227,15,Метрогородок,1080,0
1228,15,Метрогородок,1081,0
1229,15,Метрогородок,1082,0
1230,15,Метрогородок,1083,0
1231,15,Метрогородок,1084,0
1232,15,Метрогородок,1085,0
1233,15,Метрогородок,1086,0
1234,15,Метрогородок,1087,0
1235,15,Метрогородок,1088,0
1236,15,Метрогородок,1089,0
1237,15,Метрогородок,1090,0
1238,15,Метрогородок,1091,0
1239,15,Метрогородок,1092,0
1240,15,Метрогородок,3674,0
1241,15,Метрогородок,3675,0
1242,15,Метрогородок,3677,0
1243,15,Метрогородок,3678,0
1244,15,Метрогородок,3794,0
1245,15,Северное Измайлово,1210,0
1246,15,Северное Измайлово,1211,0
1247,15,Северное Измайлово,1212,0
1248,15,Северное Измайлово,1213,0
1249,15,Северное Измайлово,1214,0
1250,15,Северное Измайлово,1215,0
1251,15,Северное Измайлово,1216,0
1252,15,Северное Измайлово,1217,0
1253,15,Северное Измайлово,1218,0
1254,16,Богородское,850,0
1255,16,Богородское,851,0
1256,16,Богородское,852,0
1257,16,Богородское,853,0
1258,16,Богородское,854,0
1259,16,Богородское,855,0
1260,16,Богородское,856,0
1261,16,Богородское,857,0
1262,16,Богородское,858,0
1263,16,Богородское,859,0
1264,16,Богородское,860,0
1265,16,Богородское,861,0
1266,16,Богородское,862,0
1267,16,Богородское,863,0
1268,16,Богородское,864,0
1269,16,Богородское,865,0
1270,16,Богородское,866,0
1271,16,Богородское,867,0
1272,16,Богородское,868,1
1273,16,Богородское,869,0
1274,16,Богородское,870,0
1275,16,Богородское,871,0
1276,16,Богородское,872,1
1277,16,Богородское,873,0
1278,16,Богородское,874,1
1279,16,Богородское,875,1
1280,16,Богородское,876,1
1281,16,Богородское,877,1
1282,16,Богородское,878,0
1283,16,Богородское,879,0
1284,16,Богородское,880,0
1285,16,Богородское,881,0
1286,16,Богородское,3666,0
1287,16,Преображенское,1187,0
1288,16,Преображенское,1188,0
1289,16,Преображенское,1189,1
1290,16,Преображенское,1190,0
1291,16,Преображенское,1191,0
1292,16,Преображенское,1192,2
1293,16,Преображенское,1193,0
1294,16,Преображенское,1194,0
1295,16,Преображенское,1195,0
1296,16,Преображенское,1196,0
1297,16,Преображенское,1197,0
1298,16,Преображенское,1198,0
1299,16,Преображенское,1199,0
1300,16,Преображенское,1200,0
1301,16,Преображенское,1201,0
1302,16,Преображенское,1202,0
1303,16,Преображенское,1203,0
1304,16,Преображенское,1204,0
1305,16,Преображенское,1205,0
1306,16,Преображенское,1206,2
1307,16,Преображенское,1207,0
1308,16,Преображенское,1208,0
1309,16,Преображенское,1209,0
1310,16,Преображенское,3681,0
1311,16,Преображенское,3682,0
1312,16,Соколиная гора,1237,2
1313,16,Соколиная гора,1238,0
1314,16,Соколиная гора,1239,0
1315,16,Соколиная гора,1240,0
1316,16,Соколиная гора,1241,0
1317,16,Соколиная гора,1242,0
1318,16,Соколиная гора,1243,0
1319,16,Соколиная гора,1244,0
1320,16,Соколиная гора,1245,0
1321,16,Соколиная гора,1246,0
1322,16,Соколиная гора,1247,0
1323,16,Соколиная гора,1248,0
1324,16,Соколиная гора,1249,0
1325,16,Соколиная гора,1250,0
1326,16,Соколиная гора,1251,0
1327,16,Соколиная гора,1252,0
1328,16,Соколиная гора,3684,0
1329,16,Соколиная гора,3685,0
1330,16,Соколиная гора,3686,0
1331,17,Ивановское,990,0
1332,17,Ивановское,991,0
1333,17,Ивановское,992,0
1334,17,Ивановское,993,0
1335,17,Ивановское,994,0
1336,17,Ивановское,995,0
1337,17,Ивановское,996,0
1338,17,Ивановское,997,0
1339,17,Ивановское,998,0
1340,17,Ивановское,999,0
1341,17,Ивановское,1000,0
1342,17,Ивановское,1001,0
1343,17,Ивановское,1016,0
1344,17,Ивановское,1017,0
1345,17,Ивановское,1018,0
1346,17,Ивановское,1019,0
1347,17,Ивановское,1020,0
1348,17,Ивановское,1021,0
1349,17,Ивановское,1022,0
1350,17,Ивановское,1023,0
1351,17,Ивановское,1024,0
1352,17,Ивановское,1025,0
1353,17,Перово,1150,0
1354,17,Перово,1151,0
1355,17,Перово,1152,0
1356,17,Перово,1153,0
1357,17,Перово,1154,0
1358,17,Перово,1155,0
1359,17,Перово,1156,0
1360,17,Перово,1157,0
1361,17,Перово,1158,0
1362,17,Перово,1159,0
1363,17,Перово,1160,0
1364,17,Перово,1161,0
1365,17,Перово,1162,0
1366,17,Перово,1163,0
1367,17,Перово,1164,0
1368,17,Перово,1165,0
1369,17,Перово,1166,0
1370,17,Перово,1167,0
1371,17,Перово,1168,0
1372,17,Перово,1169,0
1373,17,Перово,1170,0
1374,17,Перово,1171,0
1375,17,Перово,1172,0
1376,17,Перово,1173,0
1377,17,Перово,1174,0
1378,17,Перово,1175,0
1379,17,Перово,1176,0
1380,17,Перово,1177,0
1381,17,Перово,1178,0
1382,17,Перово,1179,0
1383,17,Перово,1180,0
1384,17,Перово,1181,0
1385,17,Перово,1182,0
1386,17,Перово,1183,0
1387,17,Перово,1184,0
1388,17,Перово,1185,0
1389,17,Перово,1186,0
1390,17,Перово,3680,0
1391,17,Соколиная гора,1253,0
1392,17,Соколиная гора,1254,0
1393,17,Соколиная гора,1255,0
1394,17,Соколиная гора,1256,0
1395,17,Соколиная гора,1257,0
1396,17,Соколиная гора,1258,0
1397,17,Соколиная гора,1259,0
1398,17,Соколиная гора,1260,0
1399,17,Соколиная гора,1261,0
1400,18,Восточное Измайлово,918,0
1401,18,Восточное Измайлово,919,0
1402,18,Восточное Измайлово,920,0
1403,18,Восточное Измайлово,921,0
1404,18,Восточное Измайлово,922,0
1405,18,Восточное Измайлово,923,1
1406,18,Восточное Измайлово,924,0
1407,18,Восточное Измайлово,925,0
1408,18,Восточное Измайлово,926,0
1409,18,Восточное Измайлово,927,0
1410,18,Восточное Измайлово,928,0
1411,18,Восточное Измайлово,929,0
1412,18,Восточное Измайлово,930,0
1413,18,Восточное Измайлово,931,1
1414,18,Восточное Измайлово,932,0
1415,18,Восточное Измайлово,933,0
1416,18,Восточное Измайлово,934,0
1417,18,Восточное Измайлово,935,0
1418,18,Восточное Измайлово,936,0
1419,18,Восточное Измайлово,937,0
1420,18,Восточное Измайлово,938,0
1421,18,Восточное Измайлово,939,0
1422,18,Восточное Измайлово,3669,0
1423,18,Восточное Измайлово,3670,0
1424,18,Измайлово,1026,0
1425,18,Измайлово,1027,0
1426,18,Измайлово,1028,0
1427,18,Измайлово,1029,0
1428,18,Измайлово,1030,0
1429,18,Измайлово,1031,0
1430,18,Измайлово,1032,0
1431,18,Измайлово,1033,0
1432,18,Измайлово,1034,0
1433,18,Измайлово,1035,0
1434,18,Измайлово,1036,0
1435,18,Измайлово,1037,0
1436,18,Измайлово,1038,0
1437,18,Измайлово,1039,0
1438,18,Измайлово,1040,0
1439,18,Измайлово,1041,0
1440,18,Измайлово,1042,0
1441,18,Измайлово,1043,0
1442,18,Измайлово,1044,0
1443,18,Измайлово,1045,0
1444,18,Измайлово,1046,0
1445,18,Измайлово,1047,0
1446,18,Измайлово,1048,0
1447,18,Измайлово,1049,0
1448,18,Измайлово,1050,0
1449,18,Измайлово,1051,0
1450,18,Измайлово,1052,0
1451,18,Измайлово,1053,1
1452,18,Измайлово,1054,0
1453,18,Измайлово,1055,0
1454,18,Измайлово,1056,0
1455,18,Измайлово,1057,0
1456,18,Измайлово,1058,0
1457,18,Измайлово,1059,0
1458,18,Измайлово,3671,0
1459,18,Измайлово,3672,0
1460,18,Измайлово,3673,0
1461,18,Измайлово,3797,0
1462,18,Восточный,940,0
1463,18,Восточный,941,0
1464,18,Восточный,942,0
1465,18,Восточный,943,0
1466,18,Северное Измайлово,1219,0
1467,18,Северное Измайлово,1220,0
1468,18,Северное Измайлово,1221,0
1469,18,Северное Измайлово,1222,0
1470,18,Северное Измайлово,1223,1
1471,18,Северное Измайлово,1224,0
1472,18,Северное Измайлово,1225,0
1473,18,Северное Измайлово,1226,0
1474,18,Северное Измайлово,1227,0
1475,18,Северное Измайлово,1228,0
1476,18,Северное Измайлово,1229,0
1477,18,Северное Измайлово,1230,0
1478,18,Северное Измайлово,1231,0
1479,18,Северное Измайлово,1232,0
1480,18,Северное Измайлово,1233,0
1481,18,Северное Измайлово,1234,0
1482,18,Северное Измайлово,1235,0
1483,18,Северное Измайлово,1236,0
1484,19,Вешняки,882,0
1485,19,Вешняки,883,0
1486,19,Вешняки,884,0
1487,19,Вешняки,885,0
1488,19,Вешняки,886,0
1489,19,Вешняки,887,0
1490,19,Вешняки,888,0
1491,19,Вешняки,889,0
1492,19,Вешняки,890,0
1493,19,Вешняки,891,0
1494,19,Вешняки,892,0
1495,19,Вешняки,893,0
1496,19,Вешняки,894,0
1497,19,Вешняки,895,0
1498,19,Вешняки,896,0
1499,19,Вешняки,897,1
1500,19,Вешняки,898,0
1501,19,Вешняки,899,0
1502,19,Вешняки,900,0
1503,19,Вешняки,901,0
1504,19,Вешняки,902,0
1505,19,Вешняки,903,0
1506,19,Вешняки,908,0
1507,19,Вешняки,909,0
1508,19,Вешняки,910,0
1509,19,Вешняки,911,0
1510,19,Вешняки,912,0
1511,19,Вешняки,913,0
1512,19,Вешняки,914,0
1513,19,Вешняки,915,0
1514,19,Вешняки,916,0
1515,19,Вешняки,917,0
1516,19,Вешняки,3667,0
1517,19,Вешняки,3668,0
1518,19,Ивановское,1002,0
1519,19,Ивановское,1003,0
1520,19,Ивановское,1004,0
1521,19,Ивановское,1005,0
1522,19,Ивановское,1006,0
1523,19,Ивановское,1007,0
1524,19,Ивановское,1008,0
1525,19,Ивановское,1009,0
1526,19,Ивановское,1010,0
1527,19,Ивановское,1011,0
1528,19,Ивановское,1012,0
1529,19,Ивановское,1013,0
1530,19,Ивановское,1014,0
1531,19,Ивановское,1015,0
1532,19,Новогиреево,1094,0
1533,19,Новогиреево,1095,0
1534,19,Новогиреево,1096,0
1535,19,Новогиреево,1097,0
1536,19,Новогиреево,1098,0
1537,19,Новогиреево,1099,0
1538,19,Новогиреево,1100,0
1539,19,Новогиреево,1101,0
1540,19,Новогиреево,1102,0
1541,19,Новогиреево,1103,0
1542,19,Новогиреево,1104,0
1543,19,Новогиреево,1105,0
1544,19,Новогиреево,1106,0
1545,19,Новогиреево,1107,0
1546,19,Новогиреево,1108,0
1547,19,Новогиреево,1109,0
1548,19,Новогиреево,1110,0
1549,19,Новогиреево,1111,0
1550,19,Новогиреево,1112,0
1551,19,Новогиреево,1113,0
1552,19,Новогиреево,1114,0
1553,19,Новогиреево,1115,0
1554,19,Новогиреево,1116,0
1555,19,Новогиреево,1117,1
1556,19,Новогиреево,1118,0
1557,19,Новогиреево,1119,0
1558,19,Новогиреево,1120,0
1559,19,Новогиреево,3435,0
1560,19,Новогиреево,3679,0
1561,20,Вешняки,904,0
1562,20,Вешняки,905,2
1563,20,Вешняки,906,0
1564,20,Вешняки,907,0
1565,20,Косино-Ухтомский,1060,0
1566,20,Косино-Ухтомский,1061,0
1567,20,Косино-Ухтомский,1062,0
1568,20,Косино-Ухтомский,1063,0
1569,20,Косино-Ухтомский,1064,0
1570,20,Косино-Ухтомский,1065,0
1571,20,Косино-Ухтомский,1066,0
1572,20,Косино-Ухтомский,1067,0
1573,20,Косино-Ухтомский,1068,0
1574,20,Косино-Ухтомский,1069,0
1575,20,Косино-Ухтомский,1070,0
1576,20,Косино-Ухтомский,1071,0
1577,20,Косино-Ухтомский,1072,0
1578,20,Косино-Ухтомский,1073,0
1579,20,Косино-Ухтомский,1074,0
1580,20,Косино-Ухтомский,1075,0
1581,20,Косино-Ухтомский,1076,0
1582,20,Косино-Ухтомский,1077,0
1583,20,Косино-Ухтомский,1078,0
1584,20,Косино-Ухтомский,1079,0
1585,20,Новокосино,1121,0
1586,20,Новокосино,1122,0
1587,20,Новокосино,1123,0
1588,20,Новокосино,1124,0
1589,20,Новокосино,1125,0
1590,20,Новокосино,1126,0
1591,20,Новокосино,1127,0
1592,20,Новокосино,1128,0
1593,20,Новокосино,1129,0
1594,20,Новокосино,1130,0
1595,20,Новокосино,1131,0
1596,20,Новокосино,1132,0
1597,20,Новокосино,1133,1
1598,20,Новокосино,1134,0
1599,20,Новокосино,1135,0
1600,20,Новокосино,1136,0
1601,20,Новокосино,1137,0
1602,20,Новокосино,1138,0
1603,20,Новокосино,1139,0
1604,20,Новокосино,1140,0
1605,20,Новокосино,1141,0
1606,20,Новокосино,1142,0
1607,20,Новокосино,1143,0
1608,20,Новокосино,1144,0
1609,20,Новокосино,1145,0
1610,20,Новокосино,1146,0
1611,20,Новокосино,1147,0
1612,20,Новокосино,1148,0
1613,20,Новокосино,1149,0
1614,20,Выхино-Жулебино,1313,0
1615,20,Выхино-Жулебино,1314,0
1616,20,Выхино-Жулебино,1315,0
1617,20,Выхино-Жулебино,1316,1
1618,20,Выхино-Жулебино,1318,0
1619,20,Выхино-Жулебино,1319,0
1620,20,Выхино-Жулебино,1320,0
1621,20,Выхино-Жулебино,1321,0
1622,20,Некрасовка,1529,2
1623,20,Некрасовка,1530,0
1624,20,Некрасовка,1531,0
1625,20,Некрасовка,1532,0
1626,20,Некрасовка,1533,1
1627,20,Некрасовка,1534,0
1628,20,Некрасовка,1535,0
1629,20,Некрасовка,3412,0
1630,20,Некрасовка,3413,0
1631,20,Некрасовка,3414,0
1632,20,Некрасовка,3418,1
1633,20,Некрасовка,3419,0
1634,20,Некрасовка,3420,0
1635,20,Некрасовка,3436,0
1636,20,Некрасовка,3440,0
1637,20,Некрасовка,3706,0
1638,21,Выхино-Жулебино,1277,0
1639,21,Выхино-Жулебино,1278,0
1640,21,Выхино-Жулебино,1279,0
1641,21,Выхино-Жулебино,1280,0
1642,21,Выхино-Жулебино,1281,0
1643,21,Выхино-Жулебино,1282,0
1644,21,Выхино-Жулебино,1283,0
1645,21,Выхино-Жулебино,1284,0
1646,21,Выхино-Жулебино,1285,0
1647,21,Выхино-Жулебино,1286,0
1648,21,Выхино-Жулебино,1287,0
1649,21,Выхино-Жулебино,1288,0
1650,21,Выхино-Жулебино,1289,0
1651,21,Выхино-Жулебино,1290,0
1652,21,Выхино-Жулебино,1291,0
1653,21,Выхино-Жулебино,1292,0
1654,21,Выхино-Жулебино,1293,0
1655,21,Выхино-Жулебино,1294,0
1656,21,Выхино-Жулебино,1295,0
1657,21,Выхино-Жулебино,1296,0
1658,21,Выхино-Жулебино,1297,0
1659,21,Выхино-Жулебино,1298,0
1660,21,Выхино-Жулебино,1299,0
1661,21,Выхино-Жулебино,1300,0
1662,21,Выхино-Жулебино,1301,0
1663,21,Выхино-Жулебино,1302,0
1664,21,Выхино-Жулебино,1303,0
1665,21,Выхино-Жулебино,1304,0
1666,21,Выхино-Жулебино,1305,0
1667,21,Выхино-Жулебино,1306,0
1668,21,Выхино-Жулебино,1307,0
1669,21,Выхино-Жулебино,1308,0
1670,21,Выхино-Жулебино,1309,0
1671,21,Выхино-Жулебино,1310,0
1672,21,Выхино-Жулебино,1311,0
1673,21,Выхино-Жулебино,1312,0
1674,21,Выхино-Жулебино,1317,0
1675,21,Выхино-Жулебино,1322,0
1676,21,Выхино-Жулебино,1323,0
1677,21,Выхино-Жулебино,1324,0
1678,21,Выхино-Жулебино,1325,0
1679,21,Выхино-Жулебино,1326,0
1680,21,Выхино-Жулебино,1327,0
1681,21,Выхино-Жулебино,1328,0
1682,21,Выхино-Жулебино,1329,0
1683,21,Выхино-Жулебино,1330,0
1684,21,Выхино-Жулебино,1331,0
1685,21,Выхино-Жулебино,1332,0
1686,21,Выхино-Жулебино,1333,0
1687,21,Выхино-Жулебино,1334,0
1688,21,Выхино-Жулебино,1335,0
1689,21,Выхино-Жулебино,3698,0
1690,21,Выхино-Жулебино,3795,0
1691,21,Рязанский,1574,0
1692,21,Рязанский,1575,0
1693,21,Рязанский,1576,0
1694,21,Рязанский,1577,0
1695,21,Рязанский,1578,0
1696,21,Рязанский,1579,0
1697,21,Рязанский,1580,0
1698,21,Рязанский,1581,0
1699,21,Рязанский,1582,0
1700,21,Рязанский,1583,0
1701,21,Рязанский,1584,0
1702,21,Рязанский,1585,0
1703,21,Рязанский,1586,0
1704,21,Рязанский,1587,1
1705,21,Рязанский,1588,0
1706,21,Рязанский,1589,0
1707,21,Рязанский,1593,0
1708,21,Рязанский,1594,0
1709,21,Рязанский,1595,0
1710,21,Рязанский,1596,0
1711,21,Рязанский,1597,1
1712,21,Рязанский,1598,0
1713,22,Капотня,1336,0
1714,22,Капотня,1337,0
1715,22,Капотня,1338,0
1716,22,Капотня,1339,0
1717,22,Капотня,1340,0
1718,22,Капотня,1341,0
1719,22,Капотня,1342,0
1720,22,Капотня,1343,0
1721,22,Капотня,1344,0
1722,22,Люблино,1424,2
1723,22,Люблино,1425,0
1724,22,Люблино,1426,0
1725,22,Люблино,1427,1
1726,22,Люблино,1428,0
1727,22,Люблино,1429,0
1728,22,Люблино,1430,0
1729,22,Люблино,1431,0
1730,22,Люблино,1432,0
1731,22,Люблино,1433,0
1732,22,Люблино,1434,1
1733,22,Люблино,1435,0
1734,22,Люблино,1436,0
1735,22,Люблино,1437,0
1736,22,Люблино,1438,0
1737,22,Люблино,1439,0
1738,22,Люблино,1448,0
1739,22,Люблино,1449,0
1740,22,Люблино,1450,0
1741,22,Люблино,1451,0
1742,22,Люблино,1452,0
1743,22,Люблино,1453,0
1744,22,Люблино,1454,0
1745,22,Люблино,1455,0
1746,22,Люблино,1456,0
1747,22,Люблино,1457,0
1748,22,Люблино,1458,0
1749,22,Люблино,1459,0
1750,22,Люблино,3703,0
1751,22,Люблино,3705,0
1752,22,Марьино,1488,0
1753,22,Марьино,1489,0
1754,22,Марьино,1490,0
1755,22,Марьино,1491,0
1756,22,Марьино,1492,0
1757,22,Марьино,1493,0
1758,22,Марьино,1494,0
1759,22,Марьино,1495,0
1760,22,Марьино,1506,1
1761,22,Марьино,1507,0
1762,22,Марьино,1508,0
1763,22,Марьино,1509,0
1764,22,Марьино,1510,0
1765,22,Марьино,1511,1
1766,22,Марьино,1512,0
1767,22,Марьино,1513,0
1768,22,Марьино,1514,0
1769,22,Марьино,1515,0
1770,22,Марьино,1516,0
1771,22,Марьино,1517,0
1772,22,Марьино,1518,0
1773,22,Марьино,1519,0
1774,22,Марьино,1520,0
1775,22,Марьино,1521,0
1776,22,Марьино,1522,0
1777,22,Марьино,1523,0
1778,22,Марьино,1524,0
1779,22,Марьино,1525,0
1780,22,Марьино,1526,0
1781,22,Марьино,1527,0
1782,22,Марьино,1528,0
1783,23,Кузьминки,1345,0
1784,23,Кузьминки,1346,0
1785,23,Кузьминки,1347,0
1786,23,Кузьминки,1348,0
1787,23,Кузьминки,1349,0
1788,23,Кузьминки,1350,0
1789,23,Кузьминки,1351,0
1790,23,Кузьминки,1352,0
1791,23,Кузьминки,1353,0
1792,23,Кузьминки,1354,0
1793,23,Кузьминки,1355,1
1794,23,Кузьминки,1356,0
1795,23,Кузьминки,1357,0
1796,23,Кузьминки,1358,0
1797,23,Кузьминки,1359,0
1798,23,Кузьминки,1360,0
1799,23,Кузьминки,1361,0
1800,23,Кузьминки,1362,0
1801,23,Кузьминки,1363,0
1802,23,Кузьминки,1364,0
1803,23,Кузьминки,1365,0
1804,23,Кузьминки,1366,0
1805,23,Кузьминки,1367,0
1806,23,Кузьминки,1368,2
1807,23,Кузьминки,1369,0
1808,23,Кузьминки,1370,0
1809,23,Кузьминки,1371,0
1810,23,Кузьминки,1372,0
1811,23,Кузьминки,1373,0
1812,23,Кузьминки,1374,0
1813,23,Кузьминки,1375,0
1814,23,Кузьминки,1376,0
1815,23,Кузьминки,1377,0
1816,23,Кузьминки,1378,0
1817,23,Кузьминки,1379,1
1818,23,Кузьминки,1380,0
1819,23,Кузьминки,1381,0
1820,23,Кузьминки,1382,1
1821,23,Люблино,1408,0
1822,23,Люблино,1409,0
1823,23,Люблино,1410,1
1824,23,Люблино,1411,0
1825,23,Люблино,1412,0
1826,23,Люблино,1413,0
1827,23,Люблино,1414,0
1828,23,Люблино,1415,0
1829,23,Люблино,1416,0
1830,23,Люблино,1417,0
1831,23,Люблино,1418,0
1832,23,Люблино,1419,0
1833,23,Люблино,1420,0
1834,23,Люблино,1421,0
1835,23,Люблино,1422,0
1836,23,Люблино,1423,1
1837,23,Люблино,1440,0
1838,23,Люблино,1441,0
1839,23,Люблино,1442,0
1840,23,Люблино,1443,0
1841,23,Люблино,1444,0
1842,23,Люблино,1445,0
1843,23,Люблино,1446,0
1844,23,Люблино,1447,0
1845,23,Люблино,3704,0
1846,23,Рязанский,1590,0
1847,23,Рязанский,1591,0
1848,23,Рязанский,1592,0
1849,23,Рязанский,1599,0
1850,23,Рязанский,1600,0
1851,23,Рязанский,1601,0
1852,23,Рязанский,1602,0
1853,23,Рязанский,1603,0
1854,24,Лефортово,1383,0
1855,24,Лефортово,1384,0
1856,24,Лефортово,1385,0
1857,24,Лефортово,1386,0
1858,24,Лефортово,1387,0
1859,24,Лефортово,1388,0
1860,24,Лефортово,1389,0
1861,24,Лефортово,1390,0
1862,24,Лефортово,1391,0
1863,24,Лефортово,1392,0
1864,24,Лефортово,1393,0
1865,24,Лефортово,1394,0
1866,24,Лефортово,1395,0
1867,24,Лефортово,1396,0
1868,24,Лефортово,1397,0
1869,24,Лефортово,1398,0
1870,24,Лефортово,1399,0
1871,24,Лефортово,1400,0
1872,24,Лефортово,1401,0
1873,24,Лефортово,1402,0
1874,24,Лефортово,1403,0
1875,24,Лефортово,1404,0
1876,24,Лефортово,1405,0
1877,24,Лефортово,1406,0
1878,24,Лефортово,1407,0
1879,24,Лефортово,3700,0
1880,24,Лефортово,3701,0
1881,24,Лефортово,3702,0
1882,24,Нижегородский,1536,0
1883,24,Нижегородский,1537,0
1884,24,Нижегородский,1538,1
1885,24,Нижегородский,1539,0
1886,24,Нижегородский,1540,0
1887,24,Нижегородский,1541,1
1888,24,Нижегородский,1542,1
1889,24,Нижегородский,1543,0
1890,24,Нижегородский,1544,0
1891,24,Нижегородский,1545,0
1892,24,Нижегородский,1546,0
1893,24,Нижегородский,1547,0
1894,24,Нижегородский,1548,0
1895,24,Текстильщики,1604,1
1896,24,Текстильщики,1605,0
1897,24,Текстильщики,1606,0
1898,24,Текстильщики,1607,0
1899,24,Текстильщики,1608,0
1900,24,Текстильщики,1609,0
1901,24,Текстильщики,1610,1
1902,24,Текстильщики,1611,0
1903,24,Текстильщики,1612,0
1904,24,Текстильщики,1613,0
1905,24,Текстильщики,1614,0
1906,24,Текстильщики,1615,0
1907,24,Текстильщики,1616,0
1908,24,Текстильщики,1617,0
1909,24,Текстильщики,1618,0
1910,24,Текстильщики,1619,0
1911,24,Текстильщики,1620,0
1912,24,Текстильщики,1621,0
1913,24,Текстильщики,1622,0
1914,24,Текстильщики,1623,0
1915,24,Текстильщики,1624,0
1916,24,Текстильщики,1625,0
1917,24,Текстильщики,1626,0
1918,24,Текстильщики,1627,0
1919,24,Текстильщики,1628,0
1920,24,Текстильщики,1629,0
1921,24,Текстильщики,1630,0
1922,24,Текстильщики,1631,1
1923,24,Текстильщики,3710,0
1924,24,Текстильщики,3711,0
1925,24,Текстильщики,3712,0
1926,24,Южнопортовый,1632,0
1927,24,Южнопортовый,1633,0
1928,24,Южнопортовый,1634,0
1929,24,Южнопортовый,1635,0
1930,24,Южнопортовый,1636,0
1931,24,Южнопортовый,1637,0
1932,24,Южнопортовый,1638,0
1933,24,Южнопортовый,1639,0
1934,24,Южнопортовый,1640,0
1935,24,Южнопортовый,1641,0
1936,24,Южнопортовый,1642,0
1937,24,Южнопортовый,1643,0
1938,24,Южнопортовый,1644,0
1939,24,Южнопортовый,1645,0
1940,24,Южнопортовый,1646,0
1941,24,Южнопортовый,1647,0
1942,24,Южнопортовый,1648,0
1943,24,Южнопортовый,1649,0
1944,24,Южнопортовый,1650,0
1945,24,Южнопортовый,1651,0
1946,24,Южнопортовый,1652,5
1947,24,Южнопортовый,1653,1
1948,24,Южнопортовый,1654,1
1949,24,Южнопортовый,3714,0
1950,25,Марьино,1460,0
1951,25,Марьино,1461,0
1952,25,Марьино,1462,0
1953,25,Марьино,1463,0
1954,25,Марьино,1464,0
1955,25,Марьино,1465,0
1956,25,Марьино,1466,0
1957,25,Марьино,1467,0
1958,25,Марьино,1468,0
1959,25,Марьино,1469,0
1960,25,Марьино,1470,0
1961,25,Марьино,1471,0
1962,25,Марьино,1472,0
1963,25,Марьино,1473,0
1964,25,Марьино,1474,0
1965,25,Марьино,1475,0
1966,25,Марьино,1476,0
1967,25,Марьино,1477,0
1968,25,Марьино,1478,0
1969,25,Марьино,1479,0
1970,25,Марьино,1480,0
1971,25,Марьино,1481,0
1972,25,Марьино,1482,0
1973,25,Марьино,1483,0
1974,25,Марьино,1484,0
1975,25,Марьино,1485,0
1976,25,Марьино,1486,0
1977,25,Марьино,1487,0
1978,25,Марьино,1496,2
1979,25,Марьино,1497,0
1980,25,Марьино,1498,0
1981,25,Марьино,1499,0
1982,25,Марьино,1500,0
1983,25,Марьино,1501,0
1984,25,Марьино,1502,0
1985,25,Марьино,1503,0
1986,25,Марьино,1504,0
1987,25,Марьино,1505,0
1988,25,Печатники,1549,1
1989,25,Печатники,1550,0
1990,25,Печатники,1551,0
1991,25,Печатники,1552,0
1992,25,Печатники,1553,0
1993,25,Печатники,1554,0
1994,25,Печатники,1555,0
1995,25,Печатники,1556,0
1996,25,Печатники,1557,0
1997,25,Печатники,1558,0
1998,25,Печатники,1559,0
1999,25,Печатники,1560,0
2000,25,Печатники,1561,0
2001,25,Печатники,1562,0
2002,25,Печатники,1563,0
2003,25,Печатники,1564,0
2004,25,Печатники,1565,0
2005,25,Печатники,1566,0
2006,25,Печатники,1567,0
2007,25,Печатники,1568,0
2008,25,Печатники,1569,0
2009,25,Печатники,1570,0
2010,25,Печатники,1571,1
2011,25,Печатники,1572,0
2012,25,Печатники,1573,0
2013,25,Печатники,3708,0
2014,25,Печатники,3709,0
2015,26,Братеево,1718,0
2016,26,Братеево,1719,0
2017,26,Братеево,1720,0
2018,26,Братеево,1721,0
2019,26,Братеево,1722,0
2020,26,Братеево,1723,0
2021,26,Братеево,1724,1
2022,26,Братеево,1725,0
2023,26,Братеево,1726,0
2024,26,Братеево,1727,0
2025,26,Братеево,1728,0
2026,26,Братеево,1729,0
2027,26,Братеево,1730,0
2028,26,Братеево,1731,0
2029,26,Братеево,1732,0
2030,26,Братеево,1733,0
2031,26,Братеево,1734,0
2032,26,Братеево,1735,0
2033,26,Братеево,1736,0
2034,26,Братеево,1737,0
2035,26,Братеево,1738,0
2036,26,Братеево,1739,0
2037,26,Братеево,1740,0
2038,26,Братеево,1741,0
2039,26,Братеево,1742,0
2040,26,Братеево,1743,0
2041,26,Зябликово,1788,0
2042,26,Зябликово,1789,0
2043,26,Зябликово,1790,0
2044,26,Зябликово,1791,0
2045,26,Зябликово,1792,0
2046,26,Зябликово,1793,0
2047,26,Зябликово,1794,0
2048,26,Зябликово,1795,0
2049,26,Зябликово,1796,0
2050,26,Зябликово,1797,0
2051,26,Зябликово,1798,0
2052,26,Зябликово,1799,0
2053,26,Зябликово,1800,0
2054,26,Зябликово,1801,0
2055,26,Зябликово,1802,0
2056,26,Зябликово,1803,0
2057,26,Зябликово,1804,0
2058,26,Зябликово,1805,0
2059,26,Зябликово,1806,0
2060,26,Зябликово,1807,0
2061,26,Зябликово,1808,0
2062,26,Зябликово,1809,0
2063,26,Зябликово,1810,0
2064,26,Зябликово,1811,0
2065,26,Зябликово,1812,0
2066,26,Зябликово,1813,0
2067,26,Зябликово,1814,0
2068,26,Зябликово,1815,0
2069,26,Зябликово,1816,0
2070,26,Зябликово,1817,0
2071,26,Зябликово,1818,0
2072,26,Зябликово,1819,0
2073,26,Зябликово,3722,0
2074,26,Орехово-Борисово Южное,1969,0
2075,26,Орехово-Борисово Южное,1970,0
2076,26,Орехово-Борисово Южное,1972,0
2077,26,Орехово-Борисово Южное,1973,0
2078,27,Орехово-Борисово Северное,1917,0
2079,27,Орехово-Борисово Северное,1918,0
2080,27,Орехово-Борисово Северное,1919,0
2081,27,Орехово-Борисово Северное,1920,0
2082,27,Орехово-Борисово Северное,1921,0
2083,27,Орехово-Борисово Северное,1922,0
2084,27,Орехово-Борисово Северное,1923,0
2085,27,Орехово-Борисово Северное,1924,0
2086,27,Орехово-Борисово Северное,1925,0
2087,27,Орехово-Борисово Северное,1926,0
2088,27,Орехово-Борисово Северное,1927,0
2089,27,Орехово-Борисово Северное,1928,0
2090,27,Орехово-Борисово Северное,1929,0
2091,27,Орехово-Борисово Северное,1930,0
2092,27,Орехово-Борисово Северное,1931,0
2093,27,Орехово-Борисово Северное,1932,0
2094,27,Орехово-Борисово Северное,1933,0
2095,27,Орехово-Борисово Северное,1934,0
2096,27,Орехово-Борисово Северное,1935,1
2097,27,Орехово-Борисово Северное,1936,0
2098,27,Орехово-Борисово Северное,1937,0
2099,27,Орехово-Борисово Северное,1938,0
2100,27,Орехово-Борисово Северное,1939,1
2101,27,Орехово-Борисово Северное,1940,0
2102,27,Орехово-Борисово Северное,1941,0
2103,27,Орехово-Борисово Северное,1942,0
2104,27,Орехово-Борисово Северное,1943,0
2105,27,Орехово-Борисово Северное,1944,0
2106,27,Орехово-Борисово Северное,1945,0
2107,27,Орехово-Борисово Северное,1946,0
2108,27,Орехово-Борисово Северное,1947,0
2109,27,Орехово-Борисово Северное,1948,0
2110,27,Орехово-Борисово Южное,1949,0
2111,27,Орехово-Борисово Южное,1950,0
2112,27,Орехово-Борисово Южное,1951,0
2113,27,Орехово-Борисово Южное,1952,0
2114,27,Орехово-Борисово Южное,1953,0
2115,27,Орехово-Борисово Южное,1954,0
2116,27,Орехово-Борисово Южное,1955,0
2117,27,Орехово-Борисово Южное,1956,0
2118,27,Орехово-Борисово Южное,1957,0
2119,27,Орехово-Борисово Южное,1958,0
2120,27,Орехово-Борисово Южное,1959,0
2121,27,Орехово-Борисово Южное,1960,0
2122,27,Орехово-Борисово Южное,1961,0
2123,27,Орехово-Борисово Южное,1962,0
2124,27,Орехово-Борисово Южное,1963,0
2125,27,Орехово-Борисово Южное,1964,0
2126,27,Орехово-Борисово Южное,1965,0
2127,27,Орехово-Борисово Южное,1966,0
2128,27,Орехово-Борисово Южное,1967,0
2129,27,Орехово-Борисово Южное,1968,0
2130,27,Орехово-Борисово Южное,1971,0
2131,27,Орехово-Борисово Южное,1974,0
2132,27,Орехово-Борисово Южное,1975,0
2133,27,Орехово-Борисово Южное,1976,0
2134,27,Орехово-Борисово Южное,1977,0
2135,27,Орехово-Борисово Южное,1978,0
2136,27,Орехово-Борисово Южное,1979,0
2137,27,Орехово-Борисово Южное,1980,0
2138,27,Орехово-Борисово Южное,1981,0
2139,27,Орехово-Борисово Южное,1982,0
2140,27,Орехово-Борисово Южное,1983,0
2141,27,Орехово-Борисово Южное,1984,0
2142,28,Москворечье-Сабурово,1820,0
2143,28,Москворечье-Сабурово,1821,0
2144,28,Москворечье-Сабурово,1822,0
2145,28,Москворечье-Сабурово,1823,0
2146,28,Москворечье-Сабурово,1824,0
2147,28,Москворечье-Сабурово,1825,0
2148,28,Москворечье-Сабурово,1826,0
2149,28,Москворечье-Сабурово,1827,0
2150,28,Москворечье-Сабурово,1828,0
2151,28,Москворечье-Сабурово,1829,0
2152,28,Москворечье-Сабурово,1830,0
2153,28,Москворечье-Сабурово,1831,0
2154,28,Москворечье-Сабурово,1832,0
2155,28,Москворечье-Сабурово,1833,0
2156,28,Москворечье-Сабурово,1834,0
2157,28,Москворечье-Сабурово,1835,0
2158,28,Москворечье-Сабурово,1836,0
2159,28,Москворечье-Сабурово,1837,0
2160,28,Москворечье-Сабурово,1838,0
2161,28,Москворечье-Сабурово,1839,0
2162,28,Москворечье-Сабурово,3723,0
2163,28,Москворечье-Сабурово,3724,0
2164,28,Москворечье-Сабурово,3725,0
2165,28,Москворечье-Сабурово,3726,0
2166,28,Москворечье-Сабурово,3727,0
2167,28,Нагатинский затон,1865,0
2168,28,Нагатинский затон,1868,0
2169,28,Нагатинский затон,1869,0
2170,28,Нагатинский затон,1870,0
2171,28,Нагатинский затон,1875,0
2172,28,Нагатинский затон,1876,0
2173,28,Нагатинский затон,1877,0
2174,28,Нагатинский затон,1878,0
2175,28,Нагатинский затон,1879,0
2176,28,Нагатинский затон,1880,0
2177,28,Нагатинский затон,1881,0
2178,28,Нагатинский затон,1882,0
2179,28,Нагатинский затон,1883,0
2180,28,Нагатинский затон,1884,0
2181,28,Нагатинский затон,1885,0
2182,28,Нагатинский затон,1886,0
2183,28,Нагатинский затон,1887,0
2184,28,Нагатинский затон,1888,0
2185,28,Нагатинский затон,1894,0
2186,28,Нагатинский затон,1895,0
2187,28,Нагатинский затон,3733,0
2188,28,Царицыно,1985,0
2189,28,Царицыно,1986,0
2190,28,Царицыно,1987,0
2191,28,Царицыно,1988,0
2192,28,Царицыно,1989,0
2193,28,Царицыно,1990,0
2194,28,Царицыно,1991,0
2195,28,Царицыно,1992,0
2196,28,Царицыно,1993,0
2197,28,Царицыно,1994,0
2198,28,Царицыно,1995,0
2199,28,Царицыно,1996,0
2200,28,Царицыно,1997,0
2201,28,Царицыно,1998,0
2202,28,Царицыно,1999,0
2203,28,Царицыно,2000,0
2204,28,Царицыно,2001,0
2205,28,Царицыно,2007,0
2206,28,Царицыно,2008,0
2207,28,Царицыно,2009,0
2208,28,Царицыно,2010,0
2209,28,Царицыно,2011,0
2210,28,Царицыно,2012,0
2211,28,Царицыно,2013,0
2212,28,Царицыно,2014,0
2213,28,Царицыно,2015,0
2214,28,Царицыно,2016,0
2215,28,Царицыно,2017,0
2216,28,Царицыно,3734,0
2217,28,Царицыно,3735,0
2218,29,Бирюлево Восточное,1655,0
2219,29,Бирюлево Восточное,1656,0
2220,29,Бирюлево Восточное,1657,0
2221,29,Бирюлево Восточное,1658,0
2222,29,Бирюлево Восточное,1659,0
2223,29,Бирюлево Восточное,1660,0
2224,29,Бирюлево Восточное,1661,0
2225,29,Бирюлево Восточное,1662,0
2226,29,Бирюлево Восточное,1663,0
2227,29,Бирюлево Восточное,1664,0
2228,29,Бирюлево Восточное,1665,0
2229,29,Бирюлево Восточное,1666,0
2230,29,Бирюлево Восточное,1667,0
2231,29,Бирюлево Восточное,1668,0
2232,29,Бирюлево Восточное,1669,0
2233,29,Бирюлево Восточное,1670,0
2234,29,Бирюлево Восточное,1671,0
2235,29,Бирюлево Восточное,1672,0
2236,29,Бирюлево Восточное,1673,0
2237,29,Бирюлево Восточное,1674,0
2238,29,Бирюлево Восточное,1675,0
2239,29,Бирюлево Восточное,1676,0
2240,29,Бирюлево Восточное,1677,0
2241,29,Бирюлево Восточное,1678,0
2242,29,Бирюлево Восточное,1679,0
2243,29,Бирюлево Восточное,1680,0
2244,29,Бирюлево Восточное,1681,0
2245,29,Бирюлево Восточное,1682,0
2246,29,Бирюлево Восточное,1683,0
2247,29,Бирюлево Восточное,1684,0
2248,29,Бирюлево Восточное,1685,0
2249,29,Бирюлево Восточное,1686,0
2250,29,Бирюлево Восточное,1687,0
2251,29,Бирюлево Восточное,1688,0
2252,29,Бирюлево Восточное,1689,0
2253,29,Бирюлево Восточное,1690,0
2254,29,Бирюлево Восточное,1691,0
2255,29,Бирюлево Восточное,1692,0
2256,29,Бирюлево Восточное,1693,0
2257,29,Бирюлево Восточное,1694,0
2258,29,Бирюлево Восточное,1695,0
2259,29,Бирюлево Восточное,3421,0
2260,29,Бирюлево Западное,1696,0
2261,29,Бирюлево Западное,1697,0
2262,29,Бирюлево Западное,1698,0
2263,29,Бирюлево Западное,1699,0
2264,29,Бирюлево Западное,1700,0
2265,29,Бирюлево Западное,1701,0
2266,29,Бирюлево Западное,1702,0
2267,29,Бирюлево Западное,1703,0
2268,29,Бирюлево Западное,1704,0
2269,29,Бирюлево Западное,1705,0
2270,29,Бирюлево Западное,1706,0
2271,29,Бирюлево Западное,1707,0
2272,29,Бирюлево Западное,1708,0
2273,29,Бирюлево Западное,1709,0
2274,29,Бирюлево Западное,1710,0
2275,29,Бирюлево Западное,1711,0
2276,29,Бирюлево Западное,1712,1
2277,29,Бирюлево Западное,1713,0
2278,29,Бирюлево Западное,1714,0
2279,29,Бирюлево Западное,1715,0
2280,29,Бирюлево Западное,1716,0
2281,29,Бирюлево Западное,1717,0
2282,29,Царицыно,2002,0
2283,29,Царицыно,2003,0
2284,29,Царицыно,2004,0
2285,29,Царицыно,2005,0
2286,29,Царицыно,2006,0
2287,30,Чертаново Центральное,2047,0
2288,30,Чертаново Центральное,2048,0
2289,30,Чертаново Центральное,2049,0
2290,30,Чертаново Центральное,2050,0
2291,30,Чертаново Центральное,2051,1
2292,30,Чертаново Центральное,2052,0
2293,30,Чертаново Центральное,2053,0
2294,30,Чертаново Центральное,2054,0
2295,30,Чертаново Центральное,2055,0
2296,30,Чертаново Центральное,2056,0
2297,30,Чертаново Центральное,2057,1
2298,30,Чертаново Центральное,2058,1
2299,30,Чертаново Центральное,2059,0
2300,30,Чертаново Центральное,2060,0
2301,30,Чертаново Центральное,2061,0
2302,30,Чертаново Центральное,2062,0
2303,30,Чертаново Центральное,2063,0
2304,30,Чертаново Центральное,2064,0
2305,30,Чертаново Центральное,2065,0
2306,30,Чертаново Центральное,2066,0
2307,30,Чертаново Центральное,2067,0
2308,30,Чертаново Центральное,2068,0
2309,30,Чертаново Центральное,2069,1
2310,30,Чертаново Центральное,2070,0
2311,30,Чертаново Центральное,2071,0
2312,30,Чертаново Центральное,2072,0
2313,30,Чертаново Центральное,2073,0
2314,30,Чертаново Центральное,2074,0
2315,30,Чертаново Центральное,2075,0
2316,30,Чертаново Центральное,2076,0
2317,30,Чертаново Центральное,2077,0
2318,30,Чертаново Южное,2078,1
2319,30,Чертаново Южное,2079,0
2320,30,Чертаново Южное,2080,0
2321,30,Чертаново Южное,2081,1
2322,30,Чертаново Южное,2082,0
2323,30,Чертаново Южное,2083,0
2324,30,Чертаново Южное,2084,0
2325,30,Чертаново Южное,2085,0
2326,30,Чертаново Южное,2086,0
2327,30,Чертаново Южное,2087,0
2328,30,Чертаново Южное,2088,0
2329,30,Чертаново Южное,2089,0
2330,30,Чертаново Южное,2090,0
2331,30,Чертаново Южное,2091,0
2332,30,Чертаново Южное,2092,0
2333,30,Чертаново Южное,2093,0
2334,30,Чертаново Южное,2094,0
2335,30,Чертаново Южное,2095,1
2336,30,Чертаново Южное,2096,0
2337,30,Чертаново Южное,2097,0
2338,30,Чертаново Южное,2098,0
2339,30,Чертаново Южное,2099,0
2340,30,Чертаново Южное,2100,1
2341,30,Чертаново Южное,2101,0
2342,30,Чертаново Южное,2102,0
2343,30,Чертаново Южное,2103,0
2344,30,Чертаново Южное,2104,0
2345,30,Чертаново Южное,2105,0
2346,30,Чертаново Южное,2106,0
2347,30,Чертаново Южное,2107,0
2348,30,Чертаново Южное,2108,0
2349,30,Чертаново Южное,2109,0
2350,30,Чертаново Южное,2110,1
2351,30,Чертаново Южное,2111,1
2352,30,Чертаново Южное,2112,0
2353,30,Чертаново Южное,2113,0
2354,30,Чертаново Южное,2114,1
2355,30,Чертаново Южное,2115,2
2356,30,Чертаново Южное,2116,0
2357,30,Чертаново Южное,2117,0
2358,30,Чертаново Южное,3736,0
2359,30,Чертаново Южное,5003,0
2360,31,Зюзино,2184,0
2361,31,Зюзино,2185,0
2362,31,Зюзино,2186,0
2363,31,Зюзино,2187,0
2364,31,Зюзино,2188,0
2365,31,Зюзино,2189,0
2366,31,Зюзино,2190,0
2367,31,Зюзино,2191,0
2368,31,Зюзино,2192,0
2369,31,Зюзино,2193,0
2370,31,Зюзино,2197,0
2371,31,Зюзино,2198,0
2372,31,Зюзино,2199,0
2373,31,Зюзино,2200,0
2374,31,Зюзино,2201,0
2375,31,Зюзино,2202,0
2376,31,Зюзино,2203,0
2377,31,Зюзино,3740,0
2378,31,Нагорный,1896,0
2379,31,Нагорный,1897,0
2380,31,Нагорный,1898,0
2381,31,Нагорный,1899,0
2382,31,Нагорный,1900,0
2383,31,Нагорный,1901,0
2384,31,Нагорный,1902,0
2385,31,Нагорный,1903,0
2386,31,Нагорный,1904,0
2387,31,Нагорный,1905,0
2388,31,Нагорный,1906,0
2389,31,Нагорный,1907,0
2390,31,Нагорный,1908,0
2391,31,Нагорный,1909,0
2392,31,Нагорный,1910,0
2393,31,Нагорный,1911,0
2394,31,Нагорный,1912,0
2395,31,Нагорный,1913,0
2396,31,Нагорный,1914,0
2397,31,Нагорный,1915,0
2398,31,Нагорный,1916,0
2399,31,Чертаново Северное,2018,0
2400,31,Чертаново Северное,2019,1
2401,31,Чертаново Северное,2020,0
2402,31,Чертаново Северное,2021,0
2403,31,Чертаново Северное,2022,0
2404,31,Чертаново Северное,2023,0
2405,31,Чертаново Северное,2024,0
2406,31,Чертаново Северное,2025,0
2407,31,Чертаново Северное,2026,0
2408,31,Чертаново Северное,2027,0
2409,31,Чертаново Северное,2028,0
2410,31,Чертаново Северное,2029,0
2411,31,Чертаново Северное,2030,0
2412,31,Чертаново Северное,2031,0
2413,31,Чертаново Северное,2032,0
2414,31,Чертаново Северное,2033,0
2415,31,Чертаново Северное,2034,0
2416,31,Чертаново Северное,2035,0
2417,31,Чертаново Северное,2036,0
2418,31,Чертаново Северное,2037,0
2419,31,Чертаново Северное,2038,0
2420,31,Чертаново Северное,2039,0
2421,31,Чертаново Северное,2040,0
2422,31,Чертаново Северное,2041,0
2423,31,Чертаново Северное,2042,0
2424,31,Чертаново Северное,2043,0
2425,31,Чертаново Северное,2044,0
2426,31,Чертаново Северное,2045,0
2427,31,Чертаново Северное,2046,0
2428,32,Даниловский,1744,0
2429,32,Даниловский,1745,1
2430,32,Даниловский,1746,0
2431,32,Даниловский,1747,1
2432,32,Даниловский,1748,0
2433,32,Даниловский,1749,0
2434,32,Даниловский,1750,0
2435,32,Даниловский,1751,0
2436,32,Даниловский,1752,0
2437,32,Даниловский,1753,1
2438,32,Даниловский,1754,0
2439,32,Даниловский,1755,0
2440,32,Даниловский,1756,0
2441,32,Даниловский,1757,0
2442,32,Даниловский,1758,0
2443,32,Даниловский,1759,0
2444,32,Даниловский,1760,0
2445,32,Даниловский,1761,0
2446,32,Даниловский,1762,0
2447,32,Даниловский,1763,0
2448,32,Даниловский,1764,0
2449,32,Даниловский,1765,0
2450,32,Даниловский,1766,0
2451,32,Даниловский,1767,0
2452,32,Даниловский,1768,0
2453,32,Даниловский,1769,0
2454,32,Даниловский,1770,0
2455,32,Даниловский,3716,0
2456,32,Даниловский,3796,0
2457,32,Донской,1771,1
2458,32,Донской,1772,0
2459,32,Донской,1773,0
2460,32,Донской,1774,0
2461,32,Донской,1775,0
2462,32,Донской,1776,0
2463,32,Донской,1777,0
2464,32,Донской,1778,0
2465,32,Донской,1779,0
2466,32,Донской,1780,0
2467,32,Донской,1781,0
2468,32,Донской,1782,0
2469,32,Донской,1783,0
2470,32,Донской,1784,0
2471,32,Донской,1785,0
2472,32,Донской,1786,0
2473,32,Донской,1787,0
2474,32,Донской,3718,0
2475,32,Донской,3719,0
2476,32,Донской,3720,0
2477,32,Донской,3721,0
2478,32,Нагатино-Садовники,1840,0
2479,32,Нагатино-Садовники,1841,0
2480,32,Нагатино-Садовники,1842,0
2481,32,Нагатино-Садовники,1843,0
2482,32,Нагатино-Садовники,1844,0
2483,32,Нагатино-Садовники,1845,0
2484,32,Нагатино-Садовники,1846,0
2485,32,Нагатино-Садовники,1847,0
2486,32,Нагатино-Садовники,1848,2
2487,32,Нагатино-Садовники,1849,0
2488,32,Нагатино-Садовники,1850,0
2489,32,Нагатино-Садовники,1851,0
2490,32,Нагатино-Садовники,1852,0
2491,32,Нагатино-Садовники,1853,0
2492,32,Нагатино-Садовники,1854,0
2493,32,Нагатино-Садовники,1855,0
2494,32,Нагатино-Садовники,1856,0
2495,32,Нагатино-Садовники,1857,0
2496,32,Нагатино-Садовники,1858,0
2497,32,Нагатино-Садовники,1859,0
2498,32,Нагатино-Садовники,1860,0
2499,32,Нагатино-Садовники,1861,0
2500,32,Нагатино-Садовники,1862,1
2501,32,Нагатино-Садовники,3728,0
2502,32,Нагатино-Садовники,3729,0
2503,32,Нагатино-Садовники,3730,0
2504,32,Нагатино-Садовники,3731,0
2505,32,Нагатинский затон,1863,0
2506,32,Нагатинский затон,1864,0
2507,32,Нагатинский затон,1866,0
2508,32,Нагатинский затон,1867,0
2509,32,Нагатинский затон,1871,0
2510,32,Нагатинский затон,1872,0
2511,32,Нагатинский затон,1873,0
2512,32,Нагатинский затон,1874,0
2513,32,Нагатинский затон,1889,0
2514,32,Нагатинский затон,1890,0
2515,32,Нагатинский затон,1891,0
2516,32,Нагатинский затон,1892,0
2517,32,Нагатинский затон,1893,0
2518,33,Северное Бутово,2318,0
2519,33,Северное Бутово,2319,0
2520,33,Северное Бутово,2320,0
2521,33,Северное Бутово,2321,0
2522,33,Северное Бутово,2322,0
2523,33,Северное Бутово,2323,0
2524,33,Северное Бутово,2324,0
2525,33,Северное Бутово,2325,0
2526,33,Северное Бутово,2326,0
2527,33,Северное Бутово,2327,0
2528,33,Северное Бутово,2333,1
2529,33,Северное Бутово,2334,1
2530,33,Северное Бутово,2335,0
2531,33,Северное Бутово,2336,0
2532,33,Северное Бутово,2337,0
2533,33,Северное Бутово,2338,0
2534,33,Северное Бутово,2339,0
2535,33,Северное Бутово,2340,0
2536,33,Северное Бутово,2341,1
2537,33,Южное Бутово,2416,0
2538,33,Южное Бутово,2417,0
2539,33,Южное Бутово,2418,0
2540,33,Южное Бутово,2419,0
2541,33,Южное Бутово,2420,0
2542,33,Южное Бутово,2421,0
2543,33,Южное Бутово,2422,0
2544,33,Южное Бутово,2423,0
2545,33,Южное Бутово,2424,0
2546,33,Южное Бутово,2425,0
2547,33,Южное Бутово,2426,0
2548,33,Южное Бутово,2427,0
2549,33,Южное Бутово,2428,0
2550,33,Южное Бутово,2429,0
2551,33,Южное Бутово,2430,0
2552,33,Южное Бутово,2431,0
2553,33,Южное Бутово,2432,0
2554,33,Южное Бутово,2433,0
2555,33,Южное Бутово,2434,0
2556,33,Южное Бутово,2435,0
2557,33,Южное Бутово,2436,0
2558,33,Южное Бутово,2437,0
2559,33,Южное Бутово,2438,0
2560,33,Южное Бутово,2439,0
2561,33,Южное Бутово,2440,0
2562,33,Южное Бутово,2441,0
2563,33,Южное Бутово,2442,0
2564,33,Южное Бутово,2443,0
2565,33,Южное Бутово,2444,0
2566,33,Южное Бутово,2445,0
2567,33,Южное Бутово,2446,0
2568,33,Южное Бутово,2447,0
2569,33,Южное Бутово,2448,0
2570,33,Южное Бутово,2449,0
2571,33,Южное Бутово,2450,0
2572,33,Южное Бутово,2451,0
2573,33,Южное Бутово,2452,0
2574,33,Южное Бутово,2453,1
2575,33,Южное Бутово,2454,0
2576,33,Южное Бутово,2455,0
2577,33,Южное Бутово,2456,0
2578,33,Южное Бутово,2457,0
2579,33,Южное Бутово,2458,0
2580,33,Южное Бутово,2459,0
2581,33,Южное Бутово,2460,0
2582,33,Южное Бутово,2461,0
2583,33,Южное Бутово,2462,0
2584,33,Южное Бутово,2463,0
2585,33,Южное Бутово,2464,0
2586,33,Южное Бутово,2465,0
2587,33,Южное Бутово,2466,0
2588,33,Южное Бутово,2467,0
2589,33,Южное Бутово,2468,0
2590,33,Южное Бутово,2469,0
2591,33,Южное Бутово,2470,0
2592,33,Южное Бутово,2471,0
2593,33,Южное Бутово,2472,1
2594,33,Южное Бутово,2473,0
2595,33,Южное Бутово,3422,0
2596,34,Зюзино,2172,0
2597,34,Зюзино,2173,0
2598,34,Зюзино,2174,0
2599,34,Зюзино,2175,0
2600,34,Зюзино,2176,0
2601,34,Зюзино,2177,0
2602,34,Зюзино,2178,0
2603,34,Зюзино,2179,0
2604,34,Зюзино,2180,0
2605,34,Зюзино,2181,0
2606,34,Зюзино,2182,0
2607,34,Зюзино,2183,0
2608,34,Зюзино,2194,0
2609,34,Зюзино,2195,0
2610,34,Зюзино,2196,0
2611,34,Северное Бутово,2315,0
2612,34,Северное Бутово,2316,0
2613,34,Северное Бутово,2317,1
2614,34,Северное Бутово,2328,0
2615,34,Северное Бутово,2329,0
2616,34,Северное Бутово,2330,0
2617,34,Северное Бутово,2331,1
2618,34,Северное Бутово,2332,0
2619,34,Ясенево,2474,0
2620,34,Ясенево,2475,0
2621,34,Ясенево,2476,0
2622,34,Ясенево,2477,0
2623,34,Ясенево,2478,0
2624,34,Ясенево,2479,0
2625,34,Ясенево,2480,0
2626,34,Ясенево,2481,0
2627,34,Ясенево,2482,0
2628,34,Ясенево,2483,0
2629,34,Ясенево,2484,0
2630,34,Ясенево,2485,0
2631,34,Ясенево,2486,0
2632,34,Ясенево,2487,0
2633,34,Ясенево,2488,0
2634,34,Ясенево,2489,0
2635,34,Ясенево,2490,1
2636,34,Ясенево,2491,0
2637,34,Ясенево,2492,0
2638,34,Ясенево,2493,0
2639,34,Ясенево,2494,0
2640,34,Ясенево,2495,0
2641,34,Ясенево,2496,0
2642,34,Ясенево,2497,0
2643,34,Ясенево,2498,0
2644,34,Ясенево,2499,0
2645,34,Ясенево,2500,0
2646,34,Ясенево,2501,0
2647,34,Ясенево,2502,0
2648,34,Ясенево,2503,0
2649,34,Ясенево,2504,0
2650,34,Ясенево,2505,0
2651,34,Ясенево,2506,0
2652,34,Ясенево,2507,0
2653,34,Ясенево,2508,0
2654,34,Ясенево,2509,0
2655,34,Ясенево,2510,0
2656,34,Ясенево,2511,0
2657,34,Ясенево,2512,0
2658,34,Ясенево,2513,0
2659,34,Ясенево,2514,0
2660,34,Ясенево,2515,0
2661,34,Ясенево,2516,0
2662,34,Ясенево,2517,0
2663,34,Ясенево,2518,0
2664,34,Ясенево,2519,0
2665,34,Ясенево,2520,0
2666,34,Ясенево,2521,0
2667,34,Ясенево,2522,0
2668,34,Ясенево,2523,0
2669,34,Ясенево,2524,0
2670,34,Ясенево,2525,0
2671,34,Ясенево,2526,0
2672,34,Ясенево,2527,0
2673,34,Ясенево,2528,0
2674,34,Ясенево,2529,0
2675,34,Ясенево,2530,0
2676,34,Ясенево,2531,0
2677,34,Ясенево,2532,0
2678,34,Ясенево,2533,0
2679,34,Ясенево,2534,0
2680,34,Ясенево,2535,0
2681,34,Ясенево,2536,0
2682,34,Ясенево,2537,0
2683,34,Ясенево,2538,0
2684,34,Ясенево,2539,0
2685,34,Ясенево,2540,0
2686,34,Ясенево,3749,0
2687,34,Ясенево,3750,0
2688,35,Коньково,2204,2
2689,35,Коньково,2205,0
2690,35,Коньково,2206,1
2691,35,Коньково,2207,0
2692,35,Коньково,2208,0
2693,35,Коньково,2209,0
2694,35,Коньково,2210,0
2695,35,Коньково,2211,0
2696,35,Коньково,2212,0
2697,35,Коньково,2213,0
2698,35,Коньково,2214,0
2699,35,Коньково,2215,0
2700,35,Коньково,2216,0
2701,35,Коньково,2217,0
2702,35,Коньково,2218,0
2703,35,Коньково,2219,0
2704,35,Коньково,2220,0
2705,35,Коньково,2221,0
2706,35,Коньково,2222,1
2707,35,Коньково,2223,0
2708,35,Коньково,2224,0
2709,35,Коньково,2225,0
2710,35,Коньково,2226,0
2711,35,Коньково,2227,0
2712,35,Коньково,2228,0
2713,35,Коньково,2229,0
2714,35,Коньково,2230,0
2715,35,Коньково,2231,0
2716,35,Коньково,2232,0
2717,35,Коньково,2233,0
2718,35,Коньково,2234,0
2719,35,Коньково,2235,0
2720,35,Коньково,2236,0
2721,35,Коньково,2237,0
2722,35,Коньково,2238,0
2723,35,Коньково,2239,0
2724,35,Коньково,2240,0
2725,35,Коньково,2241,0
2726,35,Коньково,2242,0
2727,35,Коньково,2243,0
2728,35,Коньково,2244,0
2729,35,Коньково,2245,0
2730,35,Коньково,2246,0
2731,35,Коньково,2247,0
2732,35,Коньково,3742,0
2733,35,Теплый Стан,2342,0
2734,35,Теплый Стан,2343,0
2735,35,Теплый Стан,2344,1
2736,35,Теплый Стан,2345,0
2737,35,Теплый Стан,2346,0
2738,35,Теплый Стан,2347,0
2739,35,Теплый Стан,2348,0
2740,35,Теплый Стан,2349,0
2741,35,Теплый Стан,2350,0
2742,35,Теплый Стан,2351,0
2743,35,Теплый Стан,2352,0
2744,35,Теплый Стан,2353,0
2745,35,Теплый Стан,2354,0
2746,35,Теплый Стан,2355,0
2747,35,Теплый Стан,2356,0
2748,35,Теплый Стан,2357,0
2749,35,Теплый Стан,2358,0
2750,35,Теплый Стан,2359,0
2751,35,Теплый Стан,2360,0
2752,35,Теплый Стан,2361,0
2753,35,Теплый Стан,2362,0
2754,35,Теплый Стан,2363,0
2755,35,Теплый Стан,2364,0
2756,35,Теплый Стан,2365,0
2757,35,Теплый Стан,2366,0
2758,35,Теплый Стан,2367,0
2759,35,Теплый Стан,2368,2
2760,35,Теплый Стан,2369,0
2761,35,Теплый Стан,2370,0
2762,35,Теплый Стан,2371,0
2763,35,Теплый Стан,2372,0
2764,35,Теплый Стан,2373,0
2765,35,Теплый Стан,2374,0
2766,35,Теплый Стан,2375,1
2767,35,Теплый Стан,2376,0
2768,35,Теплый Стан,2377,0
2769,35,Теплый Стан,2378,0
2770,35,Теплый Стан,2379,0
2771,35,Теплый Стан,2380,1
2772,35,Теплый Стан,2381,0
2773,35,Теплый Стан,2382,0
2774,35,Теплый Стан,2383,0
2775,35,Теплый Стан,2384,0
2776,35,Теплый Стан,2385,0
2777,36,Котловка,2248,0
2778,36,Котловка,2249,0
2779,36,Котловка,2250,0
2780,36,Котловка,2251,0
2781,36,Котловка,2252,1
2782,36,Котловка,2253,0
2783,36,Котловка,2254,0
2784,36,Котловка,2255,0
2785,36,Котловка,2256,0
2786,36,Котловка,2257,2
2787,36,Котловка,2258,2
2788,36,Котловка,2259,0
2789,36,Котловка,2260,0
2790,36,Котловка,2261,0
2791,36,Котловка,2262,0
2792,36,Котловка,2263,0
2793,36,Котловка,2264,0
2794,36,Котловка,2265,0
2795,36,Обручевский,2292,0
2796,36,Обручевский,2293,0
2797,36,Обручевский,2294,0
2798,36,Обручевский,2295,0
2799,36,Обручевский,2296,0
2800,36,Обручевский,2297,0
2801,36,Обручевский,2298,0
2802,36,Обручевский,2299,1
2803,36,Обручевский,2300,0
2804,36,Обручевский,2301,0
2805,36,Обручевский,2302,1
2806,36,Обручевский,2303,0
2807,36,Обручевский,2304,0
2808,36,Обручевский,2305,0
2809,36,Обручевский,2306,0
2810,36,Обручевский,2307,0
2811,36,Обручевский,2308,0
2812,36,Обручевский,2309,0
2813,36,Обручевский,2310,0
2814,36,Обручевский,2311,0
2815,36,Обручевский,2312,0
2816,36,Обручевский,2313,0
2817,36,Обручевский,2314,0
2818,36,Обручевский,3743,0
2819,36,Обручевский,3744,0
2820,36,Обручевский,3745,0
2821,36,Обручевский,3746,0
2822,36,Обручевский,3747,0
2823,36,Черемушки,2386,0
2824,36,Черемушки,2387,0
2825,36,Черемушки,2388,3
2826,36,Черемушки,2389,0
2827,36,Черемушки,2390,0
2828,36,Черемушки,2391,0
2829,36,Черемушки,2392,0
2830,36,Черемушки,2393,0
2831,36,Черемушки,2394,0
2832,36,Черемушки,2395,0
2833,36,Черемушки,2396,0
2834,36,Черемушки,2397,0
2835,36,Черемушки,2398,0
2836,36,Черемушки,2399,0
2837,36,Черемушки,2400,0
2838,36,Черемушки,2401,0
2839,36,Черемушки,2402,0
2840,36,Черемушки,2403,0
2841,36,Черемушки,2404,0
2842,36,Черемушки,2405,0
2843,36,Черемушки,2406,1
2844,36,Черемушки,2407,0
2845,36,Черемушки,2408,0
2846,36,Черемушки,2409,0
2847,36,Черемушки,2410,1
2848,36,Черемушки,2411,0
2849,36,Черемушки,2412,1
2850,36,Черемушки,2413,0
2851,36,Черемушки,2414,0
2852,36,Черемушки,2415,0
2853,36,Черемушки,3748,0
2854,37,Проспект Вернадского,2742,0
2855,37,Проспект Вернадского,2743,0
2856,37,Проспект Вернадского,2744,0
2857,37,Проспект Вернадского,2745,0
2858,37,Проспект Вернадского,2746,0
2859,37,Проспект Вернадского,2747,0
2860,37,Проспект Вернадского,2748,0
2861,37,Проспект Вернадского,2749,0
2862,37,Проспект Вернадского,2750,0
2863,37,Проспект Вернадского,3762,0
2864,37,Академический,2118,0
2865,37,Академический,2119,0
2866,37,Академический,2120,0
2867,37,Академический,2121,0
2868,37,Академический,2122,0
2869,37,Академический,2123,0
2870,37,Академический,2124,0
2871,37,Академический,2125,0
2872,37,Академический,2126,0
2873,37,Академический,2127,0
2874,37,Академический,2128,0
2875,37,Академический,2129,0
2876,37,Академический,2130,0
2877,37,Академический,2131,0
2878,37,Академический,2132,0
2879,37,Академический,2133,1
2880,37,Академический,2134,0
2881,37,Академический,2135,0
2882,37,Академический,2136,0
2883,37,Академический,2137,0
2884,37,Академический,2138,0
2885,37,Академический,2139,0
2886,37,Академический,2140,0
2887,37,Академический,2141,0
2888,37,Академический,2142,0
2889,37,Академический,2143,0
2890,37,Академический,2144,0
2891,37,Академический,2145,1
2892,37,Академический,2146,0
2893,37,Академический,2147,0
2894,37,Академический,3737,0
2895,37,Академический,3738,0
2896,37,Гагаринский,2148,0
2897,37,Гагаринский,2149,0
2898,37,Гагаринский,2150,0
2899,37,Гагаринский,2151,0
2900,37,Гагаринский,2152,0
2901,37,Гагаринский,2153,0
2902,37,Гагаринский,2154,0
2903,37,Гагаринский,2155,0
2904,37,Гагаринский,2156,0
2905,37,Гагаринский,2157,0
2906,37,Гагаринский,2158,1
2907,37,Гагаринский,2159,0
2908,37,Гагаринский,2160,0
2909,37,Гагаринский,2161,0
2910,37,Гагаринский,2162,0
2911,37,Гагаринский,2163,0
2912,37,Гагаринский,2164,0
2913,37,Гагаринский,2165,0
2914,37,Гагаринский,2166,0
2915,37,Гагаринский,2167,0
2916,37,Гагаринский,2168,0
2917,37,Гагаринский,2169,0
2918,37,Гагаринский,2170,0
2919,37,Гагаринский,2171,0
2920,37,Гагаринский,3739,0
2921,37,Ломоносовский,2266,0
2922,37,Ломоносовский,2267,0
2923,37,Ломоносовский,2268,0
2924,37,Ломоносовский,2269,0
2925,37,Ломоносовский,2270,0
2926,37,Ломоносовский,2271,0
2927,37,Ломоносовский,2272,0
2928,37,Ломоносовский,2273,0
2929,37,Ломоносовский,2274,0
2930,37,Ломоносовский,2275,0
2931,37,Ломоносовский,2276,0
2932,37,Ломоносовский,2277,0
2933,37,Ломоносовский,2278,0
2934,37,Ломоносовский,2279,0
2935,37,Ломоносовский,2280,0
2936,37,Ломоносовский,2281,0
2937,37,Ломоносовский,2282,0
2938,37,Ломоносовский,2283,0
2939,37,Ломоносовский,2284,0
2940,37,Ломоносовский,2285,0
2941,37,Ломоносовский,2286,0
2942,37,Ломоносовский,2287,0
2943,37,Ломоносовский,2288,0
2944,37,Ломоносовский,2289,0
2945,37,Ломоносовский,2290,0
2946,37,Ломоносовский,2291,0
2947,38,Проспект Вернадского,2734,0
2948,38,Проспект Вернадского,2735,0
2949,38,Проспект Вернадского,2736,0
2950,38,Проспект Вернадского,2737,0
2951,38,Проспект Вернадского,2738,0
2952,38,Проспект Вернадского,2739,0
2953,38,Проспект Вернадского,2740,0
2954,38,Проспект Вернадского,2741,0
2955,38,Проспект Вернадского,2751,0
2956,38,Проспект Вернадского,2752,0
2957,38,Тропарево-Никулино,2832,0
2958,38,Тропарево-Никулино,2833,0
2959,38,Тропарево-Никулино,2834,0
2960,38,Тропарево-Никулино,2835,0
2961,38,Тропарево-Никулино,2836,0
2962,38,Тропарево-Никулино,2837,0
2963,38,Тропарево-Никулино,2838,1
2964,38,Тропарево-Никулино,2839,0
2965,38,Тропарево-Никулино,2840,0
2966,38,Тропарево-Никулино,2841,0
2967,38,Тропарево-Никулино,2842,0
2968,38,Тропарево-Никулино,2843,0
2969,38,Тропарево-Никулино,2844,0
2970,38,Тропарево-Никулино,2845,0
2971,38,Тропарево-Никулино,2846,0
2972,38,Тропарево-Никулино,2847,0
2973,38,Новомосковская,3306,0
2974,38,Новомосковская,3307,0
2975,38,Новомосковская,3308,0
2976,38,Новомосковская,3309,0
2977,38,Новомосковская,3310,0
2978,38,Новомосковская,3311,0
2979,38,Новомосковская,3321,0
2980,38,Новомосковская,3322,0
2981,38,Новомосковская,3323,0
2982,38,Новомосковская,3324,0
2983,38,Новомосковская,3325,0
2984,38,Новомосковская,3326,0
2985,38,Новомосковская,3327,1
2986,38,Новомосковская,3328,0
2987,38,Новомосковская,3329,0
2988,38,Новомосковская,3330,0
2989,38,Новомосковская,3352,0
2990,38,Новомосковская,3353,0
2991,38,Новомосковская,3354,0
2992,38,Новомосковская,3355,0
2993,38,Новомосковская,3415,0
2994,38,Новомосковская,3427,0
2995,38,Новомосковская,3428,0
2996,38,Новомосковская,3429,0
2997,38,Новомосковская,3443,0
2998,38,Новомосковская,3444,0
2999,38,Новомосковская,3445,0
3000,38,Новомосковская,3458,0
3001,38,Троицкий административный округ,3370,0
3002,38,Троицкий административный округ,3371,0
3003,38,Троицкий административный округ,3372,0
3004,38,Троицкий административный округ,3373,0
3005,38,Троицкий административный округ,3374,0
3006,38,Троицкий административный округ,3375,0
3007,38,Троицкий административный округ,3376,0
3008,38,Троицкий административный округ,3390,0
3009,38,Троицкий административный округ,3408,0
3010,38,Троицкий административный округ,3409,0
3011,38,Троицкий административный округ,3410,0
3012,38,Троицкий административный округ,3411,0
3013,38,Сосенская,3303,0
3014,38,Сосенская,3304,0
3015,38,Сосенская,3305,0
3016,38,Сосенская,3331,0
3017,38,Сосенская,3332,0
3018,38,Сосенская,3333,0
3019,38,Сосенская,3334,0
3020,38,Сосенская,3335,0
3021,38,Сосенская,3336,0
3022,38,Сосенская,3337,0
3023,38,Сосенская,3338,0
3024,38,Сосенская,3339,0
3025,38,Сосенская,3340,0
3026,38,Сосенская,3341,0
3027,38,Сосенская,3342,0
3028,38,Сосенская,3343,0
3029,38,Сосенская,3344,0
3030,38,Сосенская,3345,0
3031,38,Сосенская,3346,0
3032,38,Сосенская,3347,0
3033,38,Сосенская,3348,0
3034,38,Сосенская,3349,0
3035,38,Сосенская,3350,0
3036,38,Сосенская,3351,0
3037,38,Сосенская,3356,0
3038,38,Сосенская,3357,0
3039,38,Сосенская,3358,0
3040,38,Сосенская,3359,0
3041,38,Сосенская,3360,0
3042,38,Сосенская,3361,0
3043,38,Сосенская,3362,0
3044,38,Сосенская,3363,0
3045,38,Сосенская,3364,0
3046,38,Сосенская,3365,0
3047,38,Сосенская,3366,0
3048,38,Сосенская,3367,0
3049,38,Сосенская,3368,0
3050,38,Сосенская,3369,0
3051,38,Сосенская,3430,0
3052,38,Сосенская,3431,0
3053,38,Сосенская,3432,0
3054,38,Сосенская,3442,0
3055,38,Сосенская,3446,0
3056,38,Сосенская,3447,0
3057,38,Сосенская,3448,0
3058,38,Сосенская,3459,0
3059,38,Сосенская,3460,0
3060,38,Сосенская,3461,0
3061,38,Сосенская,3462,0
3062,38,Сосенская,3463,0
3063,39,Внуково,2541,0
3064,39,Внуково,2542,0
3065,39,Внуково,2543,0
3066,39,Внуково,2544,0
3067,39,Внуково,2545,0
3068,39,Внуково,2546,0
3069,39,Внуково,2547,0
3070,39,Ново-Переделкино,2667,0
3071,39,Ново-Переделкино,2668,2
3072,39,Ново-Переделкино,2669,0
3073,39,Ново-Переделкино,2670,0
3074,39,Ново-Переделкино,2671,0
3075,39,Ново-Переделкино,2672,0
3076,39,Ново-Переделкино,2673,0
3077,39,Ново-Переделкино,2674,0
3078,39,Ново-Переделкино,2675,0
3079,39,Ново-Переделкино,2676,0
3080,39,Ново-Переделкино,2677,1
3081,39,Ново-Переделкино,2678,0
3082,39,Ново-Переделкино,2679,1
3083,39,Ново-Переделкино,2680,0
3084,39,Ново-Переделкино,2681,0
3085,39,Ново-Переделкино,2682,0
3086,39,Ново-Переделкино,2683,0
3087,39,Ново-Переделкино,2684,0
3088,39,Ново-Переделкино,2685,0
3089,39,Ново-Переделкино,2686,0
3090,39,Ново-Переделкино,2687,0
3091,39,Ново-Переделкино,2688,0
3092,39,Ново-Переделкино,2689,0
3093,39,Ново-Переделкино,2690,0
3094,39,Ново-Переделкино,2691,0
3095,39,Ново-Переделкино,2692,0
3096,39,Ново-Переделкино,2693,0
3097,39,Ново-Переделкино,2694,0
3098,39,Ново-Переделкино,2695,0
3099,39,Ново-Переделкино,2696,0
3100,39,Ново-Переделкино,2697,0
3101,39,Ново-Переделкино,2698,0
3102,39,Ново-Переделкино,2699,0
3103,39,Ново-Переделкино,2700,0
3104,39,Ново-Переделкино,2701,0
3105,39,Ново-Переделкино,2702,1
3106,39,Ново-Переделкино,3759,0
3107,39,Новомосковская,3299,0
3108,39,Новомосковская,3300,0
3109,39,Новомосковская,3301,0
3110,39,Новомосковская,3302,0
3111,39,Новомосковская,3312,0
3112,39,Новомосковская,3313,0
3113,39,Новомосковская,3314,0
3114,39,Новомосковская,3315,0
3115,39,Новомосковская,3316,0
3116,39,Новомосковская,3317,0
3117,39,Новомосковская,3318,0
3118,39,Новомосковская,3319,0
3119,39,Новомосковская,3320,0
3120,39,Новомосковская,3425,0
3121,39,Новомосковская,3426,0
3122,39,Новомосковская,3441,0
3123,39,Новомосковская,3457,0
3124,39,Троицкий административный округ,3377,0
3125,39,Троицкий административный округ,3378,0
3126,39,Троицкий административный округ,3379,0
3127,39,Троицкий административный округ,3380,0
3128,39,Троицкий административный округ,3381,0
3129,39,Троицкий административный округ,3382,0
3130,39,Троицкий административный округ,3383,0
3131,39,Троицкий административный округ,3384,0
3132,39,Троицкий административный округ,3385,2
3133,39,Троицкий административный округ,3386,0
3134,39,Троицкий административный округ,3387,0
3135,39,Троицкий административный округ,3388,0
3136,39,Троицкий административный округ,3389,0
3137,39,Троицкий административный округ,3391,0
3138,39,Троицкий административный округ,3392,0
3139,39,Троицкий административный округ,3393,0
3140,39,Троицкий административный округ,3394,1
3141,39,Троицкий административный округ,3395,0
3142,39,Троицкий административный округ,3396,0
3143,39,Троицкий административный округ,3397,0
3144,39,Троицкий административный округ,3398,0
3145,39,Троицкий административный округ,3399,0
3146,39,Троицкий административный округ,3400,0
3147,39,Троицкий административный округ,3401,0
3148,39,Троицкий административный округ,3402,0
3149,39,Троицкий административный округ,3403,0
3150,39,Троицкий административный округ,3404,0
3151,39,Троицкий административный округ,3405,0
3152,39,Троицкий административный округ,3406,0
3153,39,Троицкий административный округ,3407,0
3154,39,Троицкий административный округ,3433,0
3155,40,Очаково-Матвеевское,2703,0
3156,40,Очаково-Матвеевское,2704,0
3157,40,Очаково-Матвеевское,2705,0
3158,40,Очаково-Матвеевское,2706,0
3159,40,Очаково-Матвеевское,2707,0
3160,40,Очаково-Матвеевское,2708,0
3161,40,Очаково-Матвеевское,2709,0
3162,40,Очаково-Матвеевское,2710,0
3163,40,Очаково-Матвеевское,2711,0
3164,40,Очаково-Матвеевское,2712,0
3165,40,Очаково-Матвеевское,2713,0
3166,40,Очаково-Матвеевское,2714,0
3167,40,Очаково-Матвеевское,2715,0
3168,40,Очаково-Матвеевское,2716,0
3169,40,Очаково-Матвеевское,2717,0
3170,40,Очаково-Матвеевское,2718,0
3171,40,Очаково-Матвеевское,2719,0
3172,40,Очаково-Матвеевское,2720,0
3173,40,Очаково-Матвеевское,2721,0
3174,40,Очаково-Матвеевское,2722,0
3175,40,Очаково-Матвеевское,2723,0
3176,40,Очаково-Матвеевское,2724,0
3177,40,Очаково-Матвеевское,2725,0
3178,40,Очаково-Матвеевское,2726,0
3179,40,Очаково-Матвеевское,2727,0
3180,40,Очаково-Матвеевское,2728,0
3181,40,Очаково-Матвеевское,2729,0
3182,40,Очаково-Матвеевское,2730,0
3183,40,Очаково-Матвеевское,2731,0
3184,40,Очаково-Матвеевское,2732,0
3185,40,Очаково-Матвеевское,2733,0
3186,40,Очаково-Матвеевское,3760,0
3187,40,Очаково-Матвеевское,3761,0
3188,40,Солнцево,2791,1
3189,40,Солнцево,2792,0
3190,40,Солнцево,2793,0
3191,40,Солнцево,2794,0
3192,40,Солнцево,2795,0
3193,40,Солнцево,2796,0
3194,40,Солнцево,2797,0
3195,40,Солнцево,2798,0
3196,40,Солнцево,2799,0
3197,40,Солнцево,2800,0
3198,40,Солнцево,2801,0
3199,40,Солнцево,2802,0
3200,40,Солнцево,2803,0
3201,40,Солнцево,2804,0
3202,40,Солнцево,2805,0
3203,40,Солнцево,2806,0
3204,40,Солнцево,2807,0
3205,40,Солнцево,2808,0
3206,40,Солнцево,2809,0
3207,40,Солнцево,2810,0
3208,40,Солнцево,2811,0
3209,40,Солнцево,2812,0
3210,40,Солнцево,2813,0
3211,40,Солнцево,2814,0
3212,40,Солнцево,2815,0
3213,40,Солнцево,2816,0
3214,40,Солнцево,2817,0
3215,40,Солнцево,2818,0
3216,40,Солнцево,3423,0
3217,40,Солнцево,3455,0
3218,40,Солнцево,3765,0
3219,40,Тропарево-Никулино,2819,0
3220,40,Тропарево-Никулино,2820,0
3221,40,Тропарево-Никулино,2821,0
3222,40,Тропарево-Никулино,2822,0
3223,40,Тропарево-Никулино,2823,0
3224,40,Тропарево-Никулино,2824,0
3225,40,Тропарево-Никулино,2825,0
3226,40,Тропарево-Никулино,2826,0
3227,40,Тропарево-Никулино,2827,0
3228,40,Тропарево-Никулино,2828,0
3229,40,Тропарево-Никулино,2829,0
3230,40,Тропарево-Никулино,2830,0
3231,40,Тропарево-Никулино,2831,0
3232,40,Тропарево-Никулино,2848,0
3233,40,Тропарево-Никулино,2849,0
3234,40,Тропарево-Никулино,2850,0
3235,40,Тропарево-Никулино,2851,0
3236,41,Кунцево,2591,0
3237,41,Кунцево,2592,0
3238,41,Кунцево,2593,0
3239,41,Кунцево,2594,0
3240,41,Кунцево,2595,0
3241,41,Кунцево,2599,0
3242,41,Кунцево,2600,0
3243,41,Кунцево,2601,1
3244,41,Кунцево,2602,1
3245,41,Кунцево,2603,0
3246,41,Кунцево,2604,1
3247,41,Кунцево,2605,0
3248,41,Кунцево,2606,0
3249,41,Кунцево,2607,0
3250,41,Кунцево,2608,0
3251,41,Кунцево,2609,0
3252,41,Кунцево,2610,0
3253,41,Кунцево,2611,0
3254,41,Кунцево,2612,0
3255,41,Кунцево,2613,0
3256,41,Кунцево,2614,0
3257,41,Кунцево,2615,0
3258,41,Кунцево,2626,0
3259,41,Кунцево,2627,0
3260,41,Кунцево,2628,0
3261,41,Кунцево,3751,0
3262,41,Кунцево,3752,0
3263,41,Кунцево,3756,0
3264,41,Можайский,2630,0
3265,41,Можайский,2631,0
3266,41,Можайский,2632,0
3267,41,Можайский,2633,0
3268,41,Можайский,2634,0
3269,41,Можайский,2635,0
3270,41,Можайский,2636,0
3271,41,Можайский,2637,0
3272,41,Можайский,2638,0
3273,41,Можайский,2639,0
3274,41,Можайский,2640,0
3275,41,Можайский,2641,0
3276,41,Можайский,2642,0
3277,41,Можайский,2643,0
3278,41,Можайский,2644,0
3279,41,Можайский,2645,0
3280,41,Можайский,2646,0
3281,41,Можайский,2647,0
3282,41,Можайский,2648,0
3283,41,Можайский,2649,0
3284,41,Можайский,2650,0
3285,41,Можайский,2651,0
3286,41,Можайский,2652,0
3287,41,Можайский,2653,0
3288,41,Можайский,2654,1
3289,41,Можайский,2655,0
3290,41,Можайский,2656,0
3291,41,Можайский,2657,0
3292,41,Можайский,2658,0
3293,41,Можайский,2659,0
3294,41,Можайский,2660,0
3295,41,Можайский,2661,0
3296,41,Можайский,2662,0
3297,41,Можайский,2663,0
3298,41,Можайский,2664,0
3299,41,Можайский,2665,0
3300,41,Можайский,2666,0
3301,41,Можайский,3757,0
3302,41,Фили-Давыдково,2898,0
3303,41,Фили-Давыдково,2899,0
3304,41,Фили-Давыдково,2900,0
3305,41,Фили-Давыдково,2901,0
3306,41,Фили-Давыдково,2902,0
3307,41,Фили-Давыдково,2903,0
3308,41,Фили-Давыдково,2904,0
3309,42,Дорогомилово,2548,0
3310,42,Дорогомилово,2549,1
3311,42,Дорогомилово,2550,0
3312,42,Дорогомилово,2551,0
3313,42,Дорогомилово,2552,0
3314,42,Дорогомилово,2553,0
3315,42,Дорогомилово,2554,0
3316,42,Дорогомилово,2555,0
3317,42,Дорогомилово,2556,0
3318,42,Дорогомилово,2557,0
3319,42,Дорогомилово,2558,0
3320,42,Дорогомилово,2559,0
3321,42,Дорогомилово,2560,0
3322,42,Дорогомилово,2561,0
3323,42,Дорогомилово,2562,0
3324,42,Дорогомилово,2563,0
3325,42,Дорогомилово,2564,0
3326,42,Дорогомилово,2565,0
3327,42,Дорогомилово,2566,0
3328,42,Дорогомилово,2567,0
3329,42,Раменки,2753,0
3330,42,Раменки,2754,0
3331,42,Раменки,2755,0
3332,42,Раменки,2756,0
3333,42,Раменки,2757,0
3334,42,Раменки,2758,0
3335,42,Раменки,2759,0
3336,42,Раменки,2760,0
3337,42,Раменки,2761,0
3338,42,Раменки,2762,0
3339,42,Раменки,2763,0
3340,42,Раменки,2764,0
3341,42,Раменки,2765,0
3342,42,Раменки,2766,0
3343,42,Раменки,2767,1
3344,42,Раменки,2768,0
3345,42,Раменки,2769,0
3346,42,Раменки,2770,0
3347,42,Раменки,2771,0
3348,42,Раменки,2772,0
3349,42,Раменки,2773,0
3350,42,Раменки,2774,0
3351,42,Раменки,2775,0
3352,42,Раменки,2776,0
3353,42,Раменки,2777,0
3354,42,Раменки,2778,0
3355,42,Раменки,2779,0
3356,42,Раменки,2780,0
3357,42,Раменки,2781,0
3358,42,Раменки,2782,0
3359,42,Раменки,2783,0
3360,42,Раменки,2784,0
3361,42,Раменки,2785,0
3362,42,Раменки,2786,0
3363,42,Раменки,2787,0
3364,42,Раменки,2788,0
3365,42,Раменки,2789,0
3366,42,Раменки,2790,0
3367,42,Раменки,3763,0
3368,42,Фили-Давыдково,2876,1
3369,42,Фили-Давыдково,2877,0
3370,42,Фили-Давыдково,2878,0
3371,42,Фили-Давыдково,2879,0
3372,42,Фили-Давыдково,2880,0
3373,42,Фили-Давыдково,2881,0
3374,42,Фили-Давыдково,2882,0
3375,42,Фили-Давыдково,2883,0
3376,42,Фили-Давыдково,2884,0
3377,42,Фили-Давыдково,2885,0
3378,42,Фили-Давыдково,2886,0
3379,42,Фили-Давыдково,2887,1
3380,42,Фили-Давыдково,2888,0
3381,42,Фили-Давыдково,2889,0
3382,42,Фили-Давыдково,2890,0
3383,42,Фили-Давыдково,2891,0
3384,42,Фили-Давыдково,2892,0
3385,42,Фили-Давыдково,2893,0
3386,42,Фили-Давыдково,2894,0
3387,42,Фили-Давыдково,2895,0
3388,42,Фили-Давыдково,2896,0
3389,42,Фили-Давыдково,2897,0
3390,43,Арбат,1,0
3391,43,Арбат,2,0
3392,43,Арбат,4,0
3393,43,Арбат,5,0
3394,43,Арбат,7,0
3395,43,Арбат,9,2
3396,43,Пресненский,73,0
3397,43,Пресненский,74,0
3398,43,Пресненский,75,0
3399,43,Пресненский,77,0
3400,43,Пресненский,78,0
3401,43,Пресненский,79,0
3402,43,Пресненский,80,0
3403,43,Пресненский,81,0
3404,43,Пресненский,82,0
3405,43,Пресненский,83,0
3406,43,Пресненский,84,0
3407,43,Пресненский,85,0
3408,43,Пресненский,86,0
3409,43,Пресненский,87,0
3410,43,Пресненский,88,0
3411,43,Пресненский,89,0
3412,43,Пресненский,90,0
3413,43,Пресненский,91,0
3414,43,Пресненский,92,0
3415,43,Пресненский,93,0
3416,43,Пресненский,94,0
3417,43,Пресненский,95,0
3418,43,Пресненский,96,0
3419,43,Пресненский,97,0
3420,43,Пресненский,98,0
3421,43,Пресненский,99,0
3422,43,Пресненский,100,0
3423,43,Пресненский,101,0
3424,43,Пресненский,102,0
3425,43,Пресненский,103,0
3426,43,Пресненский,104,0
3427,43,Хамовники,156,0
3428,43,Хамовники,157,0
3429,43,Хамовники,158,0
3430,43,Хамовники,159,0
3431,43,Хамовники,160,0
3432,43,Хамовники,162,0
3433,43,Хамовники,163,1
3434,43,Хамовники,165,0
3435,43,Хамовники,166,0
3436,43,Хамовники,167,0
3437,43,Хамовники,168,0
3438,43,Хамовники,170,0
3439,43,Хамовники,171,0
3440,43,Хамовники,172,0
3441,43,Хамовники,173,0
3442,43,Хамовники,175,0
3443,43,Хамовники,176,0
3444,43,Хамовники,177,0
3445,43,Хамовники,179,1
3446,43,Хамовники,180,0
3447,43,Хамовники,181,1
3448,43,Хамовники,3627,0
3449,43,Хамовники,3629,0
3450,43,Хамовники,3630,0
3451,43,Хамовники,3631,0
3452,44,Замоскворечье,38,0
3453,44,Замоскворечье,39,0
3454,44,Замоскворечье,40,0
3455,44,Замоскворечье,41,0
3456,44,Замоскворечье,42,0
3457,44,Замоскворечье,43,0
3458,44,Замоскворечье,44,0
3459,44,Замоскворечье,45,1
3460,44,Замоскворечье,46,0
3461,44,Замоскворечье,47,0
3462,44,Замоскворечье,48,0
3463,44,Замоскворечье,3611,0
3464,44,Замоскворечье,3612,0
3465,44,Таганский,105,1
3466,44,Таганский,106,0
3467,44,Таганский,107,0
3468,44,Таганский,108,0
3469,44,Таганский,109,0
3470,44,Таганский,110,0
3471,44,Таганский,111,0
3472,44,Таганский,112,1
3473,44,Таганский,113,0
3474,44,Таганский,114,0
3475,44,Таганский,115,0
3476,44,Таганский,116,0
3477,44,Таганский,117,1
3478,44,Таганский,118,0
3479,44,Таганский,119,0
3480,44,Таганский,120,0
3481,44,Таганский,121,0
3482,44,Таганский,122,0
3483,44,Таганский,123,0
3484,44,Таганский,124,1
3485,44,Таганский,125,0
3486,44,Таганский,126,0
3487,44,Таганский,127,0
3488,44,Таганский,128,0
3489,44,Таганский,129,0
3490,44,Таганский,130,0
3491,44,Таганский,131,0
3492,44,Таганский,132,0
3493,44,Таганский,133,0
3494,44,Таганский,134,0
3495,44,Таганский,135,0
3496,44,Таганский,136,0
3497,44,Таганский,3619,0
3498,44,Таганский,3620,0
3499,44,Тверской,137,0
3500,44,Тверской,138,0
3501,44,Тверской,139,0
3502,44,Тверской,140,0
3503,44,Тверской,141,0
3504,44,Тверской,142,1
3505,44,Тверской,143,0
3506,44,Тверской,144,0
3507,44,Тверской,145,1
3508,44,Тверской,146,0
3509,44,Тверской,147,0
3510,44,Тверской,148,0
3511,44,Тверской,149,1
3512,44,Тверской,151,0
3513,44,Тверской,152,0
3514,44,Тверской,153,0
3515,44,Тверской,155,0
3516,44,Тверской,3622,0
3517,44,Тверской,3623,0
3518,44,Тверской,3624,0
3519,44,Тверской,3625,0
3520,44,Якиманка,182,0
3521,44,Якиманка,183,0
3522,44,Якиманка,184,0
3523,44,Якиманка,185,0
3524,44,Якиманка,186,0
3525,44,Якиманка,187,0
3526,44,Якиманка,3632,0
3527,45,Сокольники,1262,0
3528,45,Сокольники,1263,0
3529,45,Сокольники,1264,0
3530,45,Сокольники,1265,0
3531,45,Сокольники,1266,0
3532,45,Сокольники,1267,0
3533,45,Сокольники,1268,0
3534,45,Сокольники,1269,1
3535,45,Сокольники,1270,0
3536,45,Сокольники,1271,0
3537,45,Сокольники,1272,1
3538,45,Сокольники,1273,0
3539,45,Сокольники,1274,0
3540,45,Сокольники,1275,0
3541,45,Сокольники,1276,0
3542,45,Сокольники,3688,0
3543,45,Сокольники,3690,0
3544,45,Сокольники,3691,0
3545,45,Сокольники,3692,0
3546,45,Сокольники,3693,0
3547,45,Сокольники,3694,0
3548,45,Сокольники,3695,0
3549,45,Сокольники,3696,0
3550,45,Сокольники,3697,0
3551,45,Басманный,10,1
3552,45,Басманный,11,0
3553,45,Басманный,13,0
3554,45,Басманный,14,0
3555,45,Басманный,16,0
3556,45,Басманный,18,0
3557,45,Басманный,19,0
3558,45,Басманный,21,0
3559,45,Басманный,22,0
3560,45,Басманный,23,0
3561,45,Басманный,24,0
3562,45,Басманный,25,0
3563,45,Басманный,26,1
3564,45,Басманный,27,0
3565,45,Басманный,29,0
3566,45,Басманный,30,0
3567,45,Басманный,31,0
3568,45,Басманный,32,0
3569,45,Басманный,33,0
3570,45,Басманный,34,1
3571,45,Басманный,35,0
3572,45,Басманный,36,1
3573,45,Басманный,37,1
3574,45,Басманный,3601,0
3575,45,Басманный,3602,0
3576,45,Басманный,3604,1
3577,45,Басманный,3606,0
3578,45,Басманный,3607,0
3579,45,Басманный,3608,0
3580,45,Басманный,3609,0
3581,45,Красносельский,49,1
3582,45,Красносельский,50,0
3583,45,Красносельский,51,0
3584,45,Красносельский,52,0
3585,45,Красносельский,54,0
3586,45,Красносельский,55,1
3587,45,Красносельский,56,0
3588,45,Красносельский,57,2
3589,45,Мещанский,59,1
3590,45,Мещанский,60,0
3591,45,Мещанский,61,0
3592,45,Мещанский,62,0
3593,45,Мещанский,63,0
3594,45,Мещанский,64,0
3595,45,Мещанский,65,0
3596,45,Мещанский,66,0
3597,45,Мещанский,67,0
3598,45,Мещанский,68,0
3599,45,Мещанский,69,0
3600,45,Мещанский,70,0
3601,45,Мещанский,71,0
3602,45,Мещанский,72,1
3603,45,Мещанский,3613,0
3604,45,Мещанский,3614,0
